<?xml version="1.0" encoding="UTF-8"?><envelope><headers><id>df54e1df-8baa-45ec-86f6-b00e811bdc17</id><date-metas><date>1998-09-01T19:20:00+01:00</date><year>1998</year></date-metas><tofrom-metas><email-from><email>bruno.gaillard@enron.com</email></email-from><firstname-from><firstname>bruno</firstname></firstname-from><email-to><email>susan.mara@enron.com</email><email>mona.petrochko@enron.com</email><email>jeff.dasovich@enron.com</email><email>christopher.malone@enron.com</email><email>roger.yang@enron.com</email></email-to><firstname-to><firstname>susan</firstname><firstname>mona</firstname><firstname>jeff</firstname><firstname>christopher</firstname><firstname>roger</firstname></firstname-to></tofrom-metas></headers><triples><sem:triple xmlns:sem="http://marklogic.com/semantics"><sem:subject>bruno.gaillard@enron.com</sem:subject><sem:predicate>http://demo.marklogic.com#sendsTo</sem:predicate><sem:object>susan.mara@enron.com</sem:object></sem:triple><sem:triple xmlns:sem="http://marklogic.com/semantics"><sem:subject>bruno.gaillard@enron.com</sem:subject><sem:predicate>http://demo.marklogic.com#sendsTo</sem:predicate><sem:object>mona.petrochko@enron.com</sem:object></sem:triple><sem:triple xmlns:sem="http://marklogic.com/semantics"><sem:subject>bruno.gaillard@enron.com</sem:subject><sem:predicate>http://demo.marklogic.com#sendsTo</sem:predicate><sem:object>jeff.dasovich@enron.com</sem:object></sem:triple><sem:triple xmlns:sem="http://marklogic.com/semantics"><sem:subject>bruno.gaillard@enron.com</sem:subject><sem:predicate>http://demo.marklogic.com#sendsTo</sem:predicate><sem:object>christopher.malone@enron.com</sem:object></sem:triple><sem:triple xmlns:sem="http://marklogic.com/semantics"><sem:subject>bruno.gaillard@enron.com</sem:subject><sem:predicate>http://demo.marklogic.com#sendsTo</sem:predicate><sem:object>roger.yang@enron.com</sem:object></sem:triple><sem:triple xmlns:sem="http://marklogic.com/semantics"><sem:subject>bruno</sem:subject><sem:predicate>http://demo.marklogic.com#speaksTo</sem:predicate><sem:object>susan</sem:object></sem:triple><sem:triple xmlns:sem="http://marklogic.com/semantics"><sem:subject>bruno</sem:subject><sem:predicate>http://demo.marklogic.com#speaksTo</sem:predicate><sem:object>mona</sem:object></sem:triple><sem:triple xmlns:sem="http://marklogic.com/semantics"><sem:subject>bruno</sem:subject><sem:predicate>http://demo.marklogic.com#speaksTo</sem:predicate><sem:object>jeff</sem:object></sem:triple><sem:triple xmlns:sem="http://marklogic.com/semantics"><sem:subject>bruno</sem:subject><sem:predicate>http://demo.marklogic.com#speaksTo</sem:predicate><sem:object>christopher</sem:object></sem:triple><sem:triple xmlns:sem="http://marklogic.com/semantics"><sem:subject>bruno</sem:subject><sem:predicate>http://demo.marklogic.com#speaksTo</sem:predicate><sem:object>roger</sem:object></sem:triple></triples><instance><content-type>application/EML</content-type><filter-capabilities>text subfiles HD-HTML</filter-capabilities><From>bruno.gaillard@enron.com</From><To>susan.mara@enron.com, mona.petrochko@enron.com, jeff.dasovich@enron.com, christopher.malone@enron.com, roger.yang@enron.com</To><Subject>Broadcast - Welcome Lunch @ 12 (9/4/98 12:00:00 PM)</Subject><Date>Tue, 1 Sep 1998 11:20:00 -0700 (PDT)</Date><Message_ID>&lt;7811304.1075842930531.JavaMail.evans@thyme&gt;</Message_ID><size>692</size><body xmlns="http://www.w3.org/1999/xhtml">
<p>

Ignor previous message again
</p>
</body></instance></envelope>