<?xml version="1.0" encoding="UTF-8"?><envelope><headers><id>958ab4fd-ddf0-4d89-ac4d-25b47dc9d99d</id><date-metas><date>1998-12-07T09:00:00+01:00</date><year>1998</year></date-metas><tofrom-metas><email-from><email>jeff.dasovich@enron.com</email></email-from><firstname-from><firstname>jeff</firstname></firstname-from></tofrom-metas></headers><triples/><instance><content-type>application/EML</content-type><filter-capabilities>text subfiles HD-HTML</filter-capabilities><From>jeff.dasovich@enron.com</From><Subject>Edison/interconnection</Subject><Date>Mon, 7 Dec 1998 00:00:00 -0800 (PST)</Date><Message_ID>&lt;19662323.1075842930555.JavaMail.evans@thyme&gt;</Message_ID><size>589</size><body xmlns="http://www.w3.org/1999/xhtml">
<p>

When: Monday, December 07, 1998 10:30 AM-12:00 PM (GMT-08:00) Pacific Time 
(US &amp; Canada); Tijuana.
Where: 2131 Walnut Grove Avenue, Rosemead, CA GO#3; Conf. Room 396
</p>
</body></instance></envelope>