<?xml version="1.0" encoding="UTF-8"?><envelope><headers><id>91a0462f-20fb-42f5-97de-f163e10f6bac</id><date-metas><date>1997-11-05T12:00:00+01:00</date><year>1997</year></date-metas><tofrom-metas><email-from><email>steven.kean@enron.com</email></email-from><firstname-from><firstname>steven</firstname></firstname-from></tofrom-metas></headers><triples/><instance><content-type>application/EML</content-type><filter-capabilities>text subfiles HD-HTML</filter-capabilities><From>steven.kean@enron.com</From><Subject>Enron Management Conference - Hyatt Hill Country Resort, SanAntonio</Subject><Date>Wed, 5 Nov 1997 03:00:00 -0800 (PST)</Date><Message_ID>&lt;10484627.1075846142464.JavaMail.evans@thyme&gt;</Message_ID><size>587</size><body xmlns="http://www.w3.org/1999/xhtml">
<p>

Need to be there by noon to attend Ashok's staff meeting.
Fredericksburg A room


Your Continental flight leaves at 9:45. 
</p>
</body></instance></envelope>