<?xml version="1.0" encoding="UTF-8"?><envelope><headers><id>798d1cd3-bd65-444d-a2e6-a783dc86eb1f</id><date-metas><date>1997-04-07T09:00:00+01:00</date><year>1997</year></date-metas><tofrom-metas><email-from><email>steven.kean@enron.com</email></email-from><firstname-from><firstname>steven</firstname></firstname-from></tofrom-metas></headers><triples/><instance><content-type>application/EML</content-type><filter-capabilities>text subfiles HD-HTML</filter-capabilities><From>steven.kean@enron.com</From><Subject>Ed Segner's Staff meeting, in 50M Dining Room</Subject><Date>Mon, 7 Apr 1997 01:00:00 -0700 (PDT)</Date><Message_ID>&lt;20033901.1075846140136.JavaMail.evans@thyme&gt;</Message_ID><size>538</size><body xmlns="http://www.w3.org/1999/xhtml">
<p>

PGE meeting -- identify alternatives
Tom Hagen @ CSW Shockley would be avail on thurs or Fri or Lay
</p>
</body></instance></envelope>