<?xml version="1.0" encoding="UTF-8"?><envelope><headers><id>1f50aec2-e3fd-447c-ab46-7566098b543e</id><date-metas><date>1997-06-12T09:00:00+01:00</date><year>1997</year></date-metas><tofrom-metas><email-from><email>steven.kean@enron.com</email></email-from><firstname-from><firstname>steven</firstname></firstname-from></tofrom-metas></headers><triples/><instance><content-type>application/EML</content-type><filter-capabilities>text subfiles HD-HTML</filter-capabilities><From>steven.kean@enron.com</From><Subject>Sandy Fain</Subject><Date>Thu, 12 Jun 1997 01:00:00 -0700 (PDT)</Date><Message_ID>&lt;15641226.1075846140662.JavaMail.evans@thyme&gt;</Message_ID><size>423</size><body xmlns="http://www.w3.org/1999/xhtml">
<p>

Randy Rich in town
</p>
</body></instance></envelope>