<?xml version="1.0" encoding="UTF-8"?><envelope><headers><id>e5da5342-42ef-40b0-8d83-42d82ceac5d7</id><date-metas><date>1997-03-06T10:30:00+01:00</date><year>1997</year></date-metas><tofrom-metas><email-from><email>steven.kean@enron.com</email></email-from><firstname-from><firstname>steven</firstname></firstname-from></tofrom-metas></headers><triples/><instance><content-type>application/EML</content-type><filter-capabilities>text subfiles HD-HTML</filter-capabilities><From>steven.kean@enron.com</From><Subject>Jeff Skilling testifying at Murkowski workshop -- Workshop willrun from 9:30 a.m. to 12:00, in room 216 of the Hart Senate OfficeBuilding.</Subject><Date>Thu, 6 Mar 1997 01:30:00 -0800 (PST)</Date><Message_ID>&lt;5027747.1075846139908.JavaMail.evans@thyme&gt;</Message_ID><size>579</size><body xmlns="http://www.w3.org/1999/xhtml">
<p>

Came back with Skilling on company plane.
</p>
</body></instance></envelope>