<?xml version="1.0" encoding="UTF-8"?><envelope><headers><id>7263c078-a15d-4d01-ae55-b857d0b8f912</id><date-metas><date>1997-06-30T09:00:00+01:00</date><year>1997</year></date-metas><tofrom-metas><email-from><email>steven.kean@enron.com</email></email-from><firstname-from><firstname>steven</firstname></firstname-from></tofrom-metas></headers><triples/><instance><content-type>application/EML</content-type><filter-capabilities>text subfiles HD-HTML</filter-capabilities><From>steven.kean@enron.com</From><Subject>Boise --</Subject><Date>Mon, 30 Jun 1997 01:00:00 -0700 (PDT)</Date><Message_ID>&lt;22378356.1075846140950.JavaMail.evans@thyme&gt;</Message_ID><size>545</size><body xmlns="http://www.w3.org/1999/xhtml">
<p>

You speak at 10:05 a.m. Boise time

DOE conference call at 3:00 p.m. Eastern time, 1:00 Boise time.
Paul Carrier will follow up with details.
</p>
</body></instance></envelope>