<?xml version="1.0" encoding="UTF-8"?><envelope><headers><id>7fc93b1f-9fa1-40d7-9765-4e2553f23c12</id><date-metas><date>1997-03-07T08:30:00+01:00</date><year>1997</year></date-metas><tofrom-metas><email-from><email>steven.kean@enron.com</email></email-from><firstname-from><firstname>steven</firstname></firstname-from></tofrom-metas></headers><triples/><instance><content-type>application/EML</content-type><filter-capabilities>text subfiles HD-HTML</filter-capabilities><From>steven.kean@enron.com</From><Subject>External Affairs Meeting in 50M03, conference bridge 853-3233passcode 3000, you are the host</Subject><Date>Thu, 6 Mar 1997 23:30:00 -0800 (PST)</Date><Message_ID>&lt;11292495.1075846139930.JavaMail.evans@thyme&gt;</Message_ID><size>518</size><body xmlns="http://www.w3.org/1999/xhtml">
<p>

Merger call 8004570183 506711
</p>
</body></instance></envelope>