<?xml version="1.0" encoding="UTF-8"?><envelope><headers><id>b72fe249-a577-44c0-877d-f979848c37e2</id><date-metas><date>1997-03-07T11:00:00+01:00</date><year>1997</year></date-metas><tofrom-metas><email-from><email>steven.kean@enron.com</email></email-from><firstname-from><firstname>steven</firstname></firstname-from></tofrom-metas></headers><triples/><instance><content-type>application/EML</content-type><filter-capabilities>text subfiles HD-HTML</filter-capabilities><From>steven.kean@enron.com</From><Subject>Gary von Fischer</Subject><Date>Fri, 7 Mar 1997 02:00:00 -0800 (PST)</Date><Message_ID>&lt;9110342.1075846139952.JavaMail.evans@thyme&gt;</Message_ID><size>437</size><body xmlns="http://www.w3.org/1999/xhtml">
<p>

10:45 meet with Cliff Baxter
</p>
</body></instance></envelope>