<?xml version="1.0" encoding="UTF-8"?><envelope><headers><id>a4665005-c30d-46eb-8a1a-d1c438b1fdfb</id><date-metas><date>1997-08-25T09:00:00+01:00</date><year>1997</year></date-metas><tofrom-metas><email-from><email>steven.kean@enron.com</email></email-from><firstname-from><firstname>steven</firstname></firstname-from></tofrom-metas></headers><triples/><instance><content-type>application/EML</content-type><filter-capabilities>text subfiles HD-HTML</filter-capabilities><From>steven.kean@enron.com</From><Subject>Ed Segner's Staff meeting, in 50M Dining Room</Subject><Date>Mon, 25 Aug 1997 01:00:00 -0700 (PDT)</Date><Message_ID>&lt;2217922.1075846141671.JavaMail.evans@thyme&gt;</Message_ID><size>503</size><body xmlns="http://www.w3.org/1999/xhtml">
<p>

Jordan Mintz 3-7897
Bob Foster 818 302 9210
Kevin Beasley 3-7807
</p>
</body></instance></envelope>