<?xml version="1.0" encoding="UTF-8"?><envelope><headers><id>7797f765-d391-4229-97b2-58e943de002c</id><date-metas><date>1997-08-27T09:00:00+01:00</date><year>1997</year></date-metas><tofrom-metas><email-from><email>steven.kean@enron.com</email></email-from><firstname-from><firstname>steven</firstname></firstname-from></tofrom-metas></headers><triples/><instance><content-type>application/EML</content-type><filter-capabilities>text subfiles HD-HTML</filter-capabilities><From>steven.kean@enron.com</From><Subject>Conference call with Rick, Mark, Dan Clearfield, Steven Shackman.800-283-1805, in EB0653</Subject><Date>Wed, 27 Aug 1997 01:00:00 -0700 (PDT)</Date><Message_ID>&lt;12972976.1075846141715.JavaMail.evans@thyme&gt;</Message_ID><size>659</size><body xmlns="http://www.w3.org/1999/xhtml">
<p>

Lisa Freeman MW Daily --703-816-8625 fax 703-528-7821
Joe Daughen (Phil Daily News) -- 215-854-5939 fax (215) 854 5910
Rich Heidorn (Phil Inquirer 215 - 854-4502 Fax: 5553
</p>
</body></instance></envelope>