<?xml version="1.0" encoding="UTF-8"?><envelope><headers><id>e184939d-37c7-4e02-9adb-550355cb38df</id><date-metas><date>1997-08-28T08:00:00+01:00</date><year>1997</year></date-metas><tofrom-metas><email-from><email>steven.kean@enron.com</email></email-from><firstname-from><firstname>steven</firstname></firstname-from></tofrom-metas></headers><triples/><instance><content-type>application/EML</content-type><filter-capabilities>text subfiles HD-HTML</filter-capabilities><From>steven.kean@enron.com</From><Subject>Penn. conference call</Subject><Date>Thu, 28 Aug 1997 00:00:00 -0700 (PDT)</Date><Message_ID>&lt;124091.1075846141737.JavaMail.evans@thyme&gt;</Message_ID><size>460</size><body xmlns="http://www.w3.org/1999/xhtml">
<p>

Set up meeting re Mt. St. Helens for next week
</p>
</body></instance></envelope>