<?xml version="1.0" encoding="UTF-8"?><envelope><headers><id>1682fc40-9eb3-4c23-ad9d-1dd1ca12e972</id><date-metas><date>1997-09-10T09:00:00+01:00</date><year>1997</year></date-metas><tofrom-metas><email-from><email>steven.kean@enron.com</email></email-from><firstname-from><firstname>steven</firstname></firstname-from></tofrom-metas></headers><triples/><instance><content-type>application/EML</content-type><filter-capabilities>text subfiles HD-HTML</filter-capabilities><From>steven.kean@enron.com</From><Subject>1:00 - 3:00 p.m. Jonathan Sallet meeting, 1801 Pennsylvania Ave @18th &amp; H</Subject><Date>Wed, 10 Sep 1997 01:00:00 -0700 (PDT)</Date><Message_ID>&lt;17465286.1075846141892.JavaMail.evans@thyme&gt;</Message_ID><size>984</size><body xmlns="http://www.w3.org/1999/xhtml">
<p>

Washington, DC.  (Suite 419)  you will need to dial x3360 (Louisa Asmar is 
his assistant) and she will meet you in the lobby area and take you upstairs.
Jim and Rick will meet you there.

3:30 Meet with Dan Albert in Senator Bingaman's office (D-NM)  - Hart Senate 
Office Building, Room 703.  Cynthia will meet you there.

4:00 - Meet with Representative Pallone, #420 Cannon House Office Building.  
Cynthia will accompany you, Rick and Jim will meet you there.

Car will be waiting to take you to the airport.
</p>
</body></instance></envelope>