<?xml version="1.0" encoding="UTF-8"?><envelope><headers><id>3f2b2c85-17f6-47b8-8990-6a448e80f07c</id><date-metas><date>1997-04-15T08:30:00+01:00</date><year>1997</year></date-metas><tofrom-metas><email-from><email>steven.kean@enron.com</email></email-from><firstname-from><firstname>steven</firstname></firstname-from></tofrom-metas></headers><triples/><instance><content-type>application/EML</content-type><filter-capabilities>text subfiles HD-HTML</filter-capabilities><From>steven.kean@enron.com</From><Subject>CHEMICAL MANUFACTURERS BOARD OF DIRECTORS MEETING - CONTACT IS TIMBURNS 703-741-5900 IN NAPLES FLORIDA, WANT TO GET THEM MORE ACTIVE, THEY'VEALREADY JOINED US, HAPHAZARD IN THEIR SUPPORT, DINNER ON THE 14, ASKED FORSKILLING, CAN'T DO IT.</Subject><Date>Tue, 15 Apr 1997 00:30:00 -0700 (PDT)</Date><Message_ID>&lt;30385106.1075846140251.JavaMail.evans@thyme&gt;</Message_ID><size>758</size><body xmlns="http://www.w3.org/1999/xhtml">
<p>

Want you to speak from 10:15 - 11:00
** Will be sending a letter this week (3/19/97)

Flew to Austin on company plane
</p>
</body></instance></envelope>