<?xml version="1.0" encoding="UTF-8"?><envelope><headers><id>42d0fdb5-c473-4f12-97c5-bd975267ffa6</id><date-metas><date>1997-04-17T12:30:00+01:00</date><year>1997</year></date-metas><tofrom-metas><email-from><email>steven.kean@enron.com</email></email-from><firstname-from><firstname>steven</firstname></firstname-from></tofrom-metas></headers><triples/><instance><content-type>application/EML</content-type><filter-capabilities>text subfiles HD-HTML</filter-capabilities><From>steven.kean@enron.com</From><Subject>Mr. Lay is being honored by the Houston Rotary Club as Citizen ofthe Year.  You are invited to attend luncheon.  Vanessa Groscrand willfollow up with details.</Subject><Date>Thu, 17 Apr 1997 04:30:00 -0700 (PDT)</Date><Message_ID>&lt;17590090.1075846140274.JavaMail.evans@thyme&gt;</Message_ID><size>691</size><body xmlns="http://www.w3.org/1999/xhtml">
<p>

Junior League, by the Ritz, starts at 12:00, there's an Enron table, buffet 
line.
Parking garage is adjacent to the Junior League.
</p>
</body></instance></envelope>