<?xml version="1.0" encoding="UTF-8"?><envelope><headers><id>7c6827a3-0661-49d9-b690-32e97155ade6</id><date-metas><date>1997-06-09T09:00:00+01:00</date><year>1997</year></date-metas><tofrom-metas><email-from><email>steven.kean@enron.com</email></email-from><firstname-from><firstname>steven</firstname></firstname-from></tofrom-metas></headers><triples/><instance><content-type>application/EML</content-type><filter-capabilities>text subfiles HD-HTML</filter-capabilities><From>steven.kean@enron.com</From><Subject>Ed Segner's Staff meeting, in 50M Dining Room</Subject><Date>Mon, 9 Jun 1997 01:00:00 -0700 (PDT)</Date><Message_ID>&lt;17700377.1075846140616.JavaMail.evans@thyme&gt;</Message_ID><size>456</size><body xmlns="http://www.w3.org/1999/xhtml">
<p>

John Stauffacher?
</p>
</body></instance></envelope>