<?xml version="1.0" encoding="UTF-8"?><envelope><headers><id>0c818fbd-b1a0-49f3-b23e-c7dfcd3f0c9d</id><date-metas><date>1997-06-26T10:30:00+01:00</date><year>1997</year></date-metas><tofrom-metas><email-from><email>steven.kean@enron.com</email></email-from><firstname-from><firstname>steven</firstname></firstname-from></tofrom-metas></headers><triples/><instance><content-type>application/EML</content-type><filter-capabilities>text subfiles HD-HTML</filter-capabilities><From>steven.kean@enron.com</From><Subject>FERC, meeting starts at 10:00 a.m.</Subject><Date>Thu, 26 Jun 1997 02:30:00 -0700 (PDT)</Date><Message_ID>&lt;16585797.1075846140905.JavaMail.evans@thyme&gt;</Message_ID><size>555</size><body xmlns="http://www.w3.org/1999/xhtml">
<p>

Jeff Skilling and Mr. Lay are not going, so company plane is not reserved.

Bill Butler is going, will stay at the Willard



</p>
</body></instance></envelope>