<?xml version="1.0" encoding="UTF-8"?><envelope><headers><id>804df007-554b-4111-9b29-30037d0ff197</id><date-metas><date>1997-07-01T09:00:00+01:00</date><year>1997</year></date-metas><tofrom-metas><email-from><email>steven.kean@enron.com</email></email-from><firstname-from><firstname>steven</firstname></firstname-from></tofrom-metas></headers><triples/><instance><content-type>application/EML</content-type><filter-capabilities>text subfiles HD-HTML</filter-capabilities><From>steven.kean@enron.com</From><Subject>Lou Pai's staff meeting, 25C3.</Subject><Date>Tue, 1 Jul 1997 01:00:00 -0700 (PDT)</Date><Message_ID>&lt;1407481.1075846140972.JavaMail.evans@thyme&gt;</Message_ID><size>480</size><body xmlns="http://www.w3.org/1999/xhtml">
<p>

Maggie's Birthday party tonight
Bill Hogan (617) 495-1317
</p>
</body></instance></envelope>