<?xml version="1.0" encoding="UTF-8"?><envelope><headers><id>773f9dc4-f3d7-42ab-a566-c243ef837f65</id><date-metas><date>1997-09-09T10:00:00+01:00</date><year>1997</year></date-metas><tofrom-metas><email-from><email>steven.kean@enron.com</email></email-from><firstname-from><firstname>steven</firstname></firstname-from></tofrom-metas></headers><triples/><instance><content-type>application/EML</content-type><filter-capabilities>text subfiles HD-HTML</filter-capabilities><From>steven.kean@enron.com</From><Subject>EES Staff Meeting, in 791 - per Julie's cc:Mail on 9/5</Subject><Date>Tue, 9 Sep 1997 02:00:00 -0700 (PDT)</Date><Message_ID>&lt;3648563.1075846141870.JavaMail.evans@thyme&gt;</Message_ID><size>467</size><body xmlns="http://www.w3.org/1999/xhtml">
<p>

EES Budget meeting ?
</p>
</body></instance></envelope>