<?xml version="1.0" encoding="UTF-8"?><envelope><headers><id>4a58fa84-6179-489c-9a8f-4a28e48d4c41</id><date-metas><date>1997-09-23T10:00:00+01:00</date><year>1997</year></date-metas><tofrom-metas><email-from><email>steven.kean@enron.com</email></email-from><firstname-from><firstname>steven</firstname></firstname-from></tofrom-metas></headers><triples/><instance><content-type>application/EML</content-type><filter-capabilities>text subfiles HD-HTML</filter-capabilities><From>steven.kean@enron.com</From><Subject>EES Staff Meeting, in 746</Subject><Date>Tue, 23 Sep 1997 02:00:00 -0700 (PDT)</Date><Message_ID>&lt;18575281.1075846142074.JavaMail.evans@thyme&gt;</Message_ID><size>577</size><body xmlns="http://www.w3.org/1999/xhtml">
<p>

Ralph Reed--get back to him
(second week of Oct)
Paul Carrier 202-586-5659
Phil Sharp 617-495-1363; 496-6335; 617- 495 1364

Slides for QBR re project Balboa
</p>
</body></instance></envelope>