<?xml version="1.0" encoding="UTF-8"?><envelope><headers><id>c6fd54bf-91ad-483f-9547-1a9369269c3c</id><date-metas><date>1998-01-06T02:32:00+01:00</date><year>1998</year></date-metas><tofrom-metas><email-from><email>jan_levine@travisintl.com</email></email-from><firstname-from><firstname>jan_levine@travisintl</firstname></firstname-from><email-to><email>dalexander@weingarten.com</email><email>marwan@nestgroup.com</email><email>brian.becker@sfx.com</email><email>blanton@swbell.net</email><email>gborlenghi@interfin.com</email><email>wbbown@hotmail.com</email><email>abreco@ix.netcom.com</email><email>alex@brennanshouston.com</email><email>gbrenn@coair.com</email><email>tbrock@brockgroup.com</email><email>sbunting@mccoyinc.com</email><email>rayc@pointecom.net</email><email>jcrane@eagleusa.com</email><email>adeleon@lionforce.com</email><email>larry.delpapa@delpapabud.com</email><email>george@demontrond.com</email><email>jackd@dmcmgmt.com</email><email>lesliedoggett@hotmail.com</email><email>mduffey@carriageservices.com</email><email>jduncan@chartertitle.com</email><email>bfaith@greystar.com</email><email>rfant@nps.cc</email><email>rfleishman@grupotampico.com.mx</email><email>jim.flores@oceanenergy.com</email><email>sfordham@netversant.com</email><email>fosheed@nuevoenergy.com</email><email>vickig@ix.netcom.com</email><email>dan_friedkin@tfcomp.com</email><email>galtney@galtney.com</email><email>kgenssler@aol.com</email><email>dgochman@academy.com</email><email>wgolinkin@norwoodaustin.com</email><email>jgraf@valic.com</email><email>larry.gray@omsp.com</email><email>phawk@teamindustrialservices.com</email><email>larry_heard@transwestern.net</email><email>jhildebrand@hilcorp.com</email><email>blake@hoganinvestment.com</email><email>mholthouse@holthouseinterests.com</email><email>bhotzemind@aol.com</email><email>bhowell@howelltrans.com</email><email>nkelley@tqcap.com</email><email>jpkotts@jpkotts.com</email><email>mekuebler@aol.com</email><email>kkurtzman@ashford.com</email><email>jwlander@worldnet.att.net</email><email>flummis@summit-cap.com</email><email>tomlykosjr@gtemail.net</email><email>jlynch@sleh.com</email><email>smarnoy@ophouston.com</email><email>fmcguyer@mhinc.com</email><email>scott.j.mclean@chase.com</email><email>waltm@wheatstoneinvestments.com</email><email>billymont@aol.com</email><email>michaelm@morgangroup.com</email><email>rmosbacher@compuserve.com</email><email>dmurph56@aol.com</email><email>pmurphy@swbanktx.com</email><email>cmnjr@tex-trude.com</email><email>jim.noteware@kaiseral.com</email><email>doubleroranch@aol.com</email><email>apetrello@nabors.com</email><email>plank@speedshore.com</email><email>pregan@ermsw.com</email><email>garyremy@prodigybix.net</email><email>dougs@senterracorp.com</email><email>tsimmons@spencerstuart.com</email><email>jeff.skilling@enron.com</email><email>msmith@mikesmithdirect.com</email><email>davids@redstonegrp.com</email><email>astein3183@aol.com</email><email>garys@sss-steel.com</email><email>rnstnhgn@earthlink.net</email><email>siera1@swbell.net</email><email>taylor@taylorwilson.com</email><email>texasbell@aol.com</email><email>actbars@aol.com</email><email>mawallac@texaschildrenshospital.org</email><email>craigeward@aol.com</email><email>pwareing@aol.com</email><email>dweekley@dwhomes.com</email><email>kwhalen@mccallgroup.com</email><email>keith@gammaconstruction.com</email></email-to><firstname-to><firstname>brian</firstname><firstname>larry</firstname><firstname>jim</firstname><firstname>larry</firstname><firstname>scott</firstname><firstname>jim</firstname><firstname>jeff</firstname></firstname-to></tofrom-metas></headers><triples><sem:triple xmlns:sem="http://marklogic.com/semantics"><sem:subject>jan_levine@travisintl.com</sem:subject><sem:predicate>http://demo.marklogic.com#sendsTo</sem:predicate><sem:object>dalexander@weingarten.com</sem:object></sem:triple><sem:triple xmlns:sem="http://marklogic.com/semantics"><sem:subject>jan_levine@travisintl.com</sem:subject><sem:predicate>http://demo.marklogic.com#sendsTo</sem:predicate><sem:object>marwan@nestgroup.com</sem:object></sem:triple><sem:triple xmlns:sem="http://marklogic.com/semantics"><sem:subject>jan_levine@travisintl.com</sem:subject><sem:predicate>http://demo.marklogic.com#sendsTo</sem:predicate><sem:object>brian.becker@sfx.com</sem:object></sem:triple><sem:triple xmlns:sem="http://marklogic.com/semantics"><sem:subject>jan_levine@travisintl.com</sem:subject><sem:predicate>http://demo.marklogic.com#sendsTo</sem:predicate><sem:object>blanton@swbell.net</sem:object></sem:triple><sem:triple xmlns:sem="http://marklogic.com/semantics"><sem:subject>jan_levine@travisintl.com</sem:subject><sem:predicate>http://demo.marklogic.com#sendsTo</sem:predicate><sem:object>gborlenghi@interfin.com</sem:object></sem:triple><sem:triple xmlns:sem="http://marklogic.com/semantics"><sem:subject>jan_levine@travisintl.com</sem:subject><sem:predicate>http://demo.marklogic.com#sendsTo</sem:predicate><sem:object>wbbown@hotmail.com</sem:object></sem:triple><sem:triple xmlns:sem="http://marklogic.com/semantics"><sem:subject>jan_levine@travisintl.com</sem:subject><sem:predicate>http://demo.marklogic.com#sendsTo</sem:predicate><sem:object>abreco@ix.netcom.com</sem:object></sem:triple><sem:triple xmlns:sem="http://marklogic.com/semantics"><sem:subject>jan_levine@travisintl.com</sem:subject><sem:predicate>http://demo.marklogic.com#sendsTo</sem:predicate><sem:object>alex@brennanshouston.com</sem:object></sem:triple><sem:triple xmlns:sem="http://marklogic.com/semantics"><sem:subject>jan_levine@travisintl.com</sem:subject><sem:predicate>http://demo.marklogic.com#sendsTo</sem:predicate><sem:object>gbrenn@coair.com</sem:object></sem:triple><sem:triple xmlns:sem="http://marklogic.com/semantics"><sem:subject>jan_levine@travisintl.com</sem:subject><sem:predicate>http://demo.marklogic.com#sendsTo</sem:predicate><sem:object>tbrock@brockgroup.com</sem:object></sem:triple><sem:triple xmlns:sem="http://marklogic.com/semantics"><sem:subject>jan_levine@travisintl.com</sem:subject><sem:predicate>http://demo.marklogic.com#sendsTo</sem:predicate><sem:object>sbunting@mccoyinc.com</sem:object></sem:triple><sem:triple xmlns:sem="http://marklogic.com/semantics"><sem:subject>jan_levine@travisintl.com</sem:subject><sem:predicate>http://demo.marklogic.com#sendsTo</sem:predicate><sem:object>rayc@pointecom.net</sem:object></sem:triple><sem:triple xmlns:sem="http://marklogic.com/semantics"><sem:subject>jan_levine@travisintl.com</sem:subject><sem:predicate>http://demo.marklogic.com#sendsTo</sem:predicate><sem:object>jcrane@eagleusa.com</sem:object></sem:triple><sem:triple xmlns:sem="http://marklogic.com/semantics"><sem:subject>jan_levine@travisintl.com</sem:subject><sem:predicate>http://demo.marklogic.com#sendsTo</sem:predicate><sem:object>adeleon@lionforce.com</sem:object></sem:triple><sem:triple xmlns:sem="http://marklogic.com/semantics"><sem:subject>jan_levine@travisintl.com</sem:subject><sem:predicate>http://demo.marklogic.com#sendsTo</sem:predicate><sem:object>larry.delpapa@delpapabud.com</sem:object></sem:triple><sem:triple xmlns:sem="http://marklogic.com/semantics"><sem:subject>jan_levine@travisintl.com</sem:subject><sem:predicate>http://demo.marklogic.com#sendsTo</sem:predicate><sem:object>george@demontrond.com</sem:object></sem:triple><sem:triple xmlns:sem="http://marklogic.com/semantics"><sem:subject>jan_levine@travisintl.com</sem:subject><sem:predicate>http://demo.marklogic.com#sendsTo</sem:predicate><sem:object>jackd@dmcmgmt.com</sem:object></sem:triple><sem:triple xmlns:sem="http://marklogic.com/semantics"><sem:subject>jan_levine@travisintl.com</sem:subject><sem:predicate>http://demo.marklogic.com#sendsTo</sem:predicate><sem:object>lesliedoggett@hotmail.com</sem:object></sem:triple><sem:triple xmlns:sem="http://marklogic.com/semantics"><sem:subject>jan_levine@travisintl.com</sem:subject><sem:predicate>http://demo.marklogic.com#sendsTo</sem:predicate><sem:object>mduffey@carriageservices.com</sem:object></sem:triple><sem:triple xmlns:sem="http://marklogic.com/semantics"><sem:subject>jan_levine@travisintl.com</sem:subject><sem:predicate>http://demo.marklogic.com#sendsTo</sem:predicate><sem:object>jduncan@chartertitle.com</sem:object></sem:triple><sem:triple xmlns:sem="http://marklogic.com/semantics"><sem:subject>jan_levine@travisintl.com</sem:subject><sem:predicate>http://demo.marklogic.com#sendsTo</sem:predicate><sem:object>bfaith@greystar.com</sem:object></sem:triple><sem:triple xmlns:sem="http://marklogic.com/semantics"><sem:subject>jan_levine@travisintl.com</sem:subject><sem:predicate>http://demo.marklogic.com#sendsTo</sem:predicate><sem:object>rfant@nps.cc</sem:object></sem:triple><sem:triple xmlns:sem="http://marklogic.com/semantics"><sem:subject>jan_levine@travisintl.com</sem:subject><sem:predicate>http://demo.marklogic.com#sendsTo</sem:predicate><sem:object>rfleishman@grupotampico.com.mx</sem:object></sem:triple><sem:triple xmlns:sem="http://marklogic.com/semantics"><sem:subject>jan_levine@travisintl.com</sem:subject><sem:predicate>http://demo.marklogic.com#sendsTo</sem:predicate><sem:object>jim.flores@oceanenergy.com</sem:object></sem:triple><sem:triple xmlns:sem="http://marklogic.com/semantics"><sem:subject>jan_levine@travisintl.com</sem:subject><sem:predicate>http://demo.marklogic.com#sendsTo</sem:predicate><sem:object>sfordham@netversant.com</sem:object></sem:triple><sem:triple xmlns:sem="http://marklogic.com/semantics"><sem:subject>jan_levine@travisintl.com</sem:subject><sem:predicate>http://demo.marklogic.com#sendsTo</sem:predicate><sem:object>fosheed@nuevoenergy.com</sem:object></sem:triple><sem:triple xmlns:sem="http://marklogic.com/semantics"><sem:subject>jan_levine@travisintl.com</sem:subject><sem:predicate>http://demo.marklogic.com#sendsTo</sem:predicate><sem:object>vickig@ix.netcom.com</sem:object></sem:triple><sem:triple xmlns:sem="http://marklogic.com/semantics"><sem:subject>jan_levine@travisintl.com</sem:subject><sem:predicate>http://demo.marklogic.com#sendsTo</sem:predicate><sem:object>dan_friedkin@tfcomp.com</sem:object></sem:triple><sem:triple xmlns:sem="http://marklogic.com/semantics"><sem:subject>jan_levine@travisintl.com</sem:subject><sem:predicate>http://demo.marklogic.com#sendsTo</sem:predicate><sem:object>galtney@galtney.com</sem:object></sem:triple><sem:triple xmlns:sem="http://marklogic.com/semantics"><sem:subject>jan_levine@travisintl.com</sem:subject><sem:predicate>http://demo.marklogic.com#sendsTo</sem:predicate><sem:object>kgenssler@aol.com</sem:object></sem:triple><sem:triple xmlns:sem="http://marklogic.com/semantics"><sem:subject>jan_levine@travisintl.com</sem:subject><sem:predicate>http://demo.marklogic.com#sendsTo</sem:predicate><sem:object>dgochman@academy.com</sem:object></sem:triple><sem:triple xmlns:sem="http://marklogic.com/semantics"><sem:subject>jan_levine@travisintl.com</sem:subject><sem:predicate>http://demo.marklogic.com#sendsTo</sem:predicate><sem:object>wgolinkin@norwoodaustin.com</sem:object></sem:triple><sem:triple xmlns:sem="http://marklogic.com/semantics"><sem:subject>jan_levine@travisintl.com</sem:subject><sem:predicate>http://demo.marklogic.com#sendsTo</sem:predicate><sem:object>jgraf@valic.com</sem:object></sem:triple><sem:triple xmlns:sem="http://marklogic.com/semantics"><sem:subject>jan_levine@travisintl.com</sem:subject><sem:predicate>http://demo.marklogic.com#sendsTo</sem:predicate><sem:object>larry.gray@omsp.com</sem:object></sem:triple><sem:triple xmlns:sem="http://marklogic.com/semantics"><sem:subject>jan_levine@travisintl.com</sem:subject><sem:predicate>http://demo.marklogic.com#sendsTo</sem:predicate><sem:object>phawk@teamindustrialservices.com</sem:object></sem:triple><sem:triple xmlns:sem="http://marklogic.com/semantics"><sem:subject>jan_levine@travisintl.com</sem:subject><sem:predicate>http://demo.marklogic.com#sendsTo</sem:predicate><sem:object>larry_heard@transwestern.net</sem:object></sem:triple><sem:triple xmlns:sem="http://marklogic.com/semantics"><sem:subject>jan_levine@travisintl.com</sem:subject><sem:predicate>http://demo.marklogic.com#sendsTo</sem:predicate><sem:object>jhildebrand@hilcorp.com</sem:object></sem:triple><sem:triple xmlns:sem="http://marklogic.com/semantics"><sem:subject>jan_levine@travisintl.com</sem:subject><sem:predicate>http://demo.marklogic.com#sendsTo</sem:predicate><sem:object>blake@hoganinvestment.com</sem:object></sem:triple><sem:triple xmlns:sem="http://marklogic.com/semantics"><sem:subject>jan_levine@travisintl.com</sem:subject><sem:predicate>http://demo.marklogic.com#sendsTo</sem:predicate><sem:object>mholthouse@holthouseinterests.com</sem:object></sem:triple><sem:triple xmlns:sem="http://marklogic.com/semantics"><sem:subject>jan_levine@travisintl.com</sem:subject><sem:predicate>http://demo.marklogic.com#sendsTo</sem:predicate><sem:object>bhotzemind@aol.com</sem:object></sem:triple><sem:triple xmlns:sem="http://marklogic.com/semantics"><sem:subject>jan_levine@travisintl.com</sem:subject><sem:predicate>http://demo.marklogic.com#sendsTo</sem:predicate><sem:object>bhowell@howelltrans.com</sem:object></sem:triple><sem:triple xmlns:sem="http://marklogic.com/semantics"><sem:subject>jan_levine@travisintl.com</sem:subject><sem:predicate>http://demo.marklogic.com#sendsTo</sem:predicate><sem:object>nkelley@tqcap.com</sem:object></sem:triple><sem:triple xmlns:sem="http://marklogic.com/semantics"><sem:subject>jan_levine@travisintl.com</sem:subject><sem:predicate>http://demo.marklogic.com#sendsTo</sem:predicate><sem:object>jpkotts@jpkotts.com</sem:object></sem:triple><sem:triple xmlns:sem="http://marklogic.com/semantics"><sem:subject>jan_levine@travisintl.com</sem:subject><sem:predicate>http://demo.marklogic.com#sendsTo</sem:predicate><sem:object>mekuebler@aol.com</sem:object></sem:triple><sem:triple xmlns:sem="http://marklogic.com/semantics"><sem:subject>jan_levine@travisintl.com</sem:subject><sem:predicate>http://demo.marklogic.com#sendsTo</sem:predicate><sem:object>kkurtzman@ashford.com</sem:object></sem:triple><sem:triple xmlns:sem="http://marklogic.com/semantics"><sem:subject>jan_levine@travisintl.com</sem:subject><sem:predicate>http://demo.marklogic.com#sendsTo</sem:predicate><sem:object>jwlander@worldnet.att.net</sem:object></sem:triple><sem:triple xmlns:sem="http://marklogic.com/semantics"><sem:subject>jan_levine@travisintl.com</sem:subject><sem:predicate>http://demo.marklogic.com#sendsTo</sem:predicate><sem:object>flummis@summit-cap.com</sem:object></sem:triple><sem:triple xmlns:sem="http://marklogic.com/semantics"><sem:subject>jan_levine@travisintl.com</sem:subject><sem:predicate>http://demo.marklogic.com#sendsTo</sem:predicate><sem:object>tomlykosjr@gtemail.net</sem:object></sem:triple><sem:triple xmlns:sem="http://marklogic.com/semantics"><sem:subject>jan_levine@travisintl.com</sem:subject><sem:predicate>http://demo.marklogic.com#sendsTo</sem:predicate><sem:object>jlynch@sleh.com</sem:object></sem:triple><sem:triple xmlns:sem="http://marklogic.com/semantics"><sem:subject>jan_levine@travisintl.com</sem:subject><sem:predicate>http://demo.marklogic.com#sendsTo</sem:predicate><sem:object>smarnoy@ophouston.com</sem:object></sem:triple><sem:triple xmlns:sem="http://marklogic.com/semantics"><sem:subject>jan_levine@travisintl.com</sem:subject><sem:predicate>http://demo.marklogic.com#sendsTo</sem:predicate><sem:object>fmcguyer@mhinc.com</sem:object></sem:triple><sem:triple xmlns:sem="http://marklogic.com/semantics"><sem:subject>jan_levine@travisintl.com</sem:subject><sem:predicate>http://demo.marklogic.com#sendsTo</sem:predicate><sem:object>scott.j.mclean@chase.com</sem:object></sem:triple><sem:triple xmlns:sem="http://marklogic.com/semantics"><sem:subject>jan_levine@travisintl.com</sem:subject><sem:predicate>http://demo.marklogic.com#sendsTo</sem:predicate><sem:object>waltm@wheatstoneinvestments.com</sem:object></sem:triple><sem:triple xmlns:sem="http://marklogic.com/semantics"><sem:subject>jan_levine@travisintl.com</sem:subject><sem:predicate>http://demo.marklogic.com#sendsTo</sem:predicate><sem:object>billymont@aol.com</sem:object></sem:triple><sem:triple xmlns:sem="http://marklogic.com/semantics"><sem:subject>jan_levine@travisintl.com</sem:subject><sem:predicate>http://demo.marklogic.com#sendsTo</sem:predicate><sem:object>michaelm@morgangroup.com</sem:object></sem:triple><sem:triple xmlns:sem="http://marklogic.com/semantics"><sem:subject>jan_levine@travisintl.com</sem:subject><sem:predicate>http://demo.marklogic.com#sendsTo</sem:predicate><sem:object>rmosbacher@compuserve.com</sem:object></sem:triple><sem:triple xmlns:sem="http://marklogic.com/semantics"><sem:subject>jan_levine@travisintl.com</sem:subject><sem:predicate>http://demo.marklogic.com#sendsTo</sem:predicate><sem:object>dmurph56@aol.com</sem:object></sem:triple><sem:triple xmlns:sem="http://marklogic.com/semantics"><sem:subject>jan_levine@travisintl.com</sem:subject><sem:predicate>http://demo.marklogic.com#sendsTo</sem:predicate><sem:object>pmurphy@swbanktx.com</sem:object></sem:triple><sem:triple xmlns:sem="http://marklogic.com/semantics"><sem:subject>jan_levine@travisintl.com</sem:subject><sem:predicate>http://demo.marklogic.com#sendsTo</sem:predicate><sem:object>cmnjr@tex-trude.com</sem:object></sem:triple><sem:triple xmlns:sem="http://marklogic.com/semantics"><sem:subject>jan_levine@travisintl.com</sem:subject><sem:predicate>http://demo.marklogic.com#sendsTo</sem:predicate><sem:object>jim.noteware@kaiseral.com</sem:object></sem:triple><sem:triple xmlns:sem="http://marklogic.com/semantics"><sem:subject>jan_levine@travisintl.com</sem:subject><sem:predicate>http://demo.marklogic.com#sendsTo</sem:predicate><sem:object>doubleroranch@aol.com</sem:object></sem:triple><sem:triple xmlns:sem="http://marklogic.com/semantics"><sem:subject>jan_levine@travisintl.com</sem:subject><sem:predicate>http://demo.marklogic.com#sendsTo</sem:predicate><sem:object>apetrello@nabors.com</sem:object></sem:triple><sem:triple xmlns:sem="http://marklogic.com/semantics"><sem:subject>jan_levine@travisintl.com</sem:subject><sem:predicate>http://demo.marklogic.com#sendsTo</sem:predicate><sem:object>plank@speedshore.com</sem:object></sem:triple><sem:triple xmlns:sem="http://marklogic.com/semantics"><sem:subject>jan_levine@travisintl.com</sem:subject><sem:predicate>http://demo.marklogic.com#sendsTo</sem:predicate><sem:object>pregan@ermsw.com</sem:object></sem:triple><sem:triple xmlns:sem="http://marklogic.com/semantics"><sem:subject>jan_levine@travisintl.com</sem:subject><sem:predicate>http://demo.marklogic.com#sendsTo</sem:predicate><sem:object>garyremy@prodigybix.net</sem:object></sem:triple><sem:triple xmlns:sem="http://marklogic.com/semantics"><sem:subject>jan_levine@travisintl.com</sem:subject><sem:predicate>http://demo.marklogic.com#sendsTo</sem:predicate><sem:object>dougs@senterracorp.com</sem:object></sem:triple><sem:triple xmlns:sem="http://marklogic.com/semantics"><sem:subject>jan_levine@travisintl.com</sem:subject><sem:predicate>http://demo.marklogic.com#sendsTo</sem:predicate><sem:object>tsimmons@spencerstuart.com</sem:object></sem:triple><sem:triple xmlns:sem="http://marklogic.com/semantics"><sem:subject>jan_levine@travisintl.com</sem:subject><sem:predicate>http://demo.marklogic.com#sendsTo</sem:predicate><sem:object>jeff.skilling@enron.com</sem:object></sem:triple><sem:triple xmlns:sem="http://marklogic.com/semantics"><sem:subject>jan_levine@travisintl.com</sem:subject><sem:predicate>http://demo.marklogic.com#sendsTo</sem:predicate><sem:object>msmith@mikesmithdirect.com</sem:object></sem:triple><sem:triple xmlns:sem="http://marklogic.com/semantics"><sem:subject>jan_levine@travisintl.com</sem:subject><sem:predicate>http://demo.marklogic.com#sendsTo</sem:predicate><sem:object>davids@redstonegrp.com</sem:object></sem:triple><sem:triple xmlns:sem="http://marklogic.com/semantics"><sem:subject>jan_levine@travisintl.com</sem:subject><sem:predicate>http://demo.marklogic.com#sendsTo</sem:predicate><sem:object>astein3183@aol.com</sem:object></sem:triple><sem:triple xmlns:sem="http://marklogic.com/semantics"><sem:subject>jan_levine@travisintl.com</sem:subject><sem:predicate>http://demo.marklogic.com#sendsTo</sem:predicate><sem:object>garys@sss-steel.com</sem:object></sem:triple><sem:triple xmlns:sem="http://marklogic.com/semantics"><sem:subject>jan_levine@travisintl.com</sem:subject><sem:predicate>http://demo.marklogic.com#sendsTo</sem:predicate><sem:object>rnstnhgn@earthlink.net</sem:object></sem:triple><sem:triple xmlns:sem="http://marklogic.com/semantics"><sem:subject>jan_levine@travisintl.com</sem:subject><sem:predicate>http://demo.marklogic.com#sendsTo</sem:predicate><sem:object>siera1@swbell.net</sem:object></sem:triple><sem:triple xmlns:sem="http://marklogic.com/semantics"><sem:subject>jan_levine@travisintl.com</sem:subject><sem:predicate>http://demo.marklogic.com#sendsTo</sem:predicate><sem:object>taylor@taylorwilson.com</sem:object></sem:triple><sem:triple xmlns:sem="http://marklogic.com/semantics"><sem:subject>jan_levine@travisintl.com</sem:subject><sem:predicate>http://demo.marklogic.com#sendsTo</sem:predicate><sem:object>texasbell@aol.com</sem:object></sem:triple><sem:triple xmlns:sem="http://marklogic.com/semantics"><sem:subject>jan_levine@travisintl.com</sem:subject><sem:predicate>http://demo.marklogic.com#sendsTo</sem:predicate><sem:object>actbars@aol.com</sem:object></sem:triple><sem:triple xmlns:sem="http://marklogic.com/semantics"><sem:subject>jan_levine@travisintl.com</sem:subject><sem:predicate>http://demo.marklogic.com#sendsTo</sem:predicate><sem:object>mawallac@texaschildrenshospital.org</sem:object></sem:triple><sem:triple xmlns:sem="http://marklogic.com/semantics"><sem:subject>jan_levine@travisintl.com</sem:subject><sem:predicate>http://demo.marklogic.com#sendsTo</sem:predicate><sem:object>craigeward@aol.com</sem:object></sem:triple><sem:triple xmlns:sem="http://marklogic.com/semantics"><sem:subject>jan_levine@travisintl.com</sem:subject><sem:predicate>http://demo.marklogic.com#sendsTo</sem:predicate><sem:object>pwareing@aol.com</sem:object></sem:triple><sem:triple xmlns:sem="http://marklogic.com/semantics"><sem:subject>jan_levine@travisintl.com</sem:subject><sem:predicate>http://demo.marklogic.com#sendsTo</sem:predicate><sem:object>dweekley@dwhomes.com</sem:object></sem:triple><sem:triple xmlns:sem="http://marklogic.com/semantics"><sem:subject>jan_levine@travisintl.com</sem:subject><sem:predicate>http://demo.marklogic.com#sendsTo</sem:predicate><sem:object>kwhalen@mccallgroup.com</sem:object></sem:triple><sem:triple xmlns:sem="http://marklogic.com/semantics"><sem:subject>jan_levine@travisintl.com</sem:subject><sem:predicate>http://demo.marklogic.com#sendsTo</sem:predicate><sem:object>keith@gammaconstruction.com</sem:object></sem:triple><sem:triple xmlns:sem="http://marklogic.com/semantics"><sem:subject>jan_levine@travisintl</sem:subject><sem:predicate>http://demo.marklogic.com#speaksTo</sem:predicate><sem:object>brian</sem:object></sem:triple><sem:triple xmlns:sem="http://marklogic.com/semantics"><sem:subject>jan_levine@travisintl</sem:subject><sem:predicate>http://demo.marklogic.com#speaksTo</sem:predicate><sem:object>larry</sem:object></sem:triple><sem:triple xmlns:sem="http://marklogic.com/semantics"><sem:subject>jan_levine@travisintl</sem:subject><sem:predicate>http://demo.marklogic.com#speaksTo</sem:predicate><sem:object>jim</sem:object></sem:triple><sem:triple xmlns:sem="http://marklogic.com/semantics"><sem:subject>jan_levine@travisintl</sem:subject><sem:predicate>http://demo.marklogic.com#speaksTo</sem:predicate><sem:object>larry</sem:object></sem:triple><sem:triple xmlns:sem="http://marklogic.com/semantics"><sem:subject>jan_levine@travisintl</sem:subject><sem:predicate>http://demo.marklogic.com#speaksTo</sem:predicate><sem:object>scott</sem:object></sem:triple><sem:triple xmlns:sem="http://marklogic.com/semantics"><sem:subject>jan_levine@travisintl</sem:subject><sem:predicate>http://demo.marklogic.com#speaksTo</sem:predicate><sem:object>jim</sem:object></sem:triple><sem:triple xmlns:sem="http://marklogic.com/semantics"><sem:subject>jan_levine@travisintl</sem:subject><sem:predicate>http://demo.marklogic.com#speaksTo</sem:predicate><sem:object>jeff</sem:object></sem:triple></triples><instance><content-type>application/EML</content-type><filter-capabilities>text subfiles HD-HTML</filter-capabilities><From>jan_levine@travisintl.com</From><To>dalexander@weingarten.com, marwan@nestgroup.com, brian.becker@sfx.com, blanton@swbell.net, gborlenghi@interfin.com, wbbown@hotmail.com,abreco@ix.netcom.com, alex@brennanshouston.com, gbrenn@coair.com,tbrock@brockgroup.com, sbunting@mccoyinc.com, rayc@pointecom.net,jcrane@eagleusa.com, adeleon@lionforce.com,larry.delpapa@delpapabud.com, george@demontrond.com,jackd@dmcmgmt.com, lesliedoggett@hotmail.com,mduffey@carriageservices.com, jduncan@chartertitle.com,bfaith@greystar.com, rfant@nps.cc, rfleishman@grupotampico.com.mx,jim.flores@oceanenergy.com, sfordham@netversant.com,fosheed@nuevoenergy.com, vickig@ix.netcom.com,dan_friedkin@tfcomp.com, galtney@galtney.com, kgenssler@aol.com,dgochman@academy.com, wgolinkin@norwoodaustin.com, jgraf@valic.com,larry.gray@omsp.com, phawk@teamindustrialservices.com,larry_heard@transwestern.net, jhildebrand@hilcorp.com,blake@hoganinvestment.com, mholthouse@holthouseinterests.com,bhotzemind@aol.com, bhowell@howelltrans.com, nkelley@tqcap.com,jpkotts@jpkotts.com, mekuebler@aol.com, kkurtzman@ashford.com,jwlander@worldnet.att.net, flummis@summit-cap.com,tomlykosjr@gtemail.net, jlynch@sleh.com, smarnoy@ophouston.com,fmcguyer@mhinc.com, scott.j.mclean@chase.com,waltm@wheatstoneinvestments.com, billymont@aol.com,michaelm@morgangroup.com, rmosbacher@compuserve.com,dmurph56@aol.com, pmurphy@swbanktx.com, cmnjr@tex-trude.com,jim.noteware@kaiseral.com, doubleroranch@aol.com,apetrello@nabors.com, plank@speedshore.com, pregan@ermsw.com,garyremy@prodigybix.net, dougs@senterracorp.com,tsimmons@spencerstuart.com, jeff.skilling@enron.com,msmith@mikesmithdirect.com, davids@redstonegrp.com,astein3183@aol.com, garys@sss-steel.com, rnstnhgn@earthlink.net,siera1@swbell.net, taylor@taylorwilson.com, texasbell@aol.com,actbars@aol.com, mawallac@texaschildrenshospital.org,craigeward@aol.com, pwareing@aol.com, dweekley@dwhomes.com,kwhalen@mccallgroup.com, keith@gammaconstruction.com</To><CC>wvlarkin@travisintl.com</CC><BCC>wvlarkin@travisintl.com</BCC><Subject>Education Survey</Subject><Date>Mon, 5 Jan 1998 17:32:00 -0800 (PST)</Date><Message_ID>&lt;32961500.1075840098988.JavaMail.evans@thyme&gt;</Message_ID><size>5251</size><body xmlns="http://www.w3.org/1999/xhtml">
<p>

I told you I'd be back!  Hopefully, the ease of today's electronic input
will help facilitate your response to our YPO Education Survey.  Therefore,
please complete the attached.

Since the initial response rate was not that great, I have begun discussions
with Hulk Hogan and The Rock.  Hopefully, we won't have to "go to the mat"
with them.

Please remember, we would like one survey completed by yourself and an
additional, separate survey completed by your spouse.

I look forward to hearing from you soon.

Bill Larkin

 - 2001-survey.doc
</p>
</body></instance></envelope>