<?xml version="1.0" encoding="UTF-8"?><envelope><headers><id>ef44aea7-216e-4e23-a57b-8f0a5c585fe0</id><date-metas><date>1998-11-26T19:41:00+01:00</date><year>1998</year></date-metas><tofrom-metas><email-from><email>no.address@enron.com</email></email-from><firstname-from><firstname>no</firstname></firstname-from></tofrom-metas></headers><triples/><instance><content-type>application/EML</content-type><filter-capabilities>text subfiles HD-HTML</filter-capabilities><From>no.address@enron.com</From><Subject>FYI/Joint Evaluation Agreement</Subject><Date>Thu, 26 Nov 1998 10:41:00 -0800 (PST)</Date><Message_ID>&lt;13710026.1075860046056.JavaMail.evans@thyme&gt;</Message_ID><size>797</size><body xmlns="http://www.w3.org/1999/xhtml">
<p>

Attached is a draft copy of an offer letter of a Joint Evaluation Agreement 
we've been working on  which will be sent to the counterparty for comments.

(See attached file: dowmou.doc)
 - dowmou.doc
</p>
</body></instance></envelope>