<?xml version="1.0" encoding="UTF-8"?><envelope><headers><id>0584a994-305c-469d-b4c6-2c1c905432d7</id><date-metas><date>1997-09-29T12:00:00+01:00</date><year>1997</year></date-metas><tofrom-metas><email-from><email>steven.kean@enron.com</email></email-from><firstname-from><firstname>steven</firstname></firstname-from></tofrom-metas></headers><triples/><instance><content-type>application/EML</content-type><filter-capabilities>text subfiles HD-HTML</filter-capabilities><From>steven.kean@enron.com</From><Subject>Meet with Skilling in his office.  Project</Subject><Date>Mon, 29 Sep 1997 04:00:00 -0700 (PDT)</Date><Message_ID>&lt;5958950.1075848071674.JavaMail.evans@thyme&gt;</Message_ID><size>549</size><body xmlns="http://www.w3.org/1999/xhtml">
<p>

Balboa and PGE filing - Cancelled for the time being - per Vanessa Bob - 
They'll call us when he gets back
</p>
</body></instance></envelope>