<?xml version="1.0" encoding="UTF-8"?><envelope><headers><id>19d8cb19-7d70-4a2a-acb0-cc02e05bb286</id><date-metas><date>1997-04-11T17:00:00+01:00</date><year>1997</year></date-metas><tofrom-metas><email-from><email>steven.kean@enron.com</email></email-from><firstname-from><firstname>steven</firstname></firstname-from></tofrom-metas></headers><triples/><instance><content-type>application/EML</content-type><filter-capabilities>text subfiles HD-HTML</filter-capabilities><From>steven.kean@enron.com</From><Subject>VDEW German Delegation visiting, per Fiona Grant.  She is liningup other appointments, needs one of you (SK, RS, or KM) to speak and jointhem for dinner.</Subject><Date>Fri, 11 Apr 1997 09:00:00 -0700 (PDT)</Date><Message_ID>&lt;6989678.1075848069703.JavaMail.evans@thyme&gt;</Message_ID><size>680</size><body xmlns="http://www.w3.org/1999/xhtml">
<p>

Maybe Kathleen for Gas and Steve or Rick for Electricity.
Fiona Grant is primary contact, Kim Chandler is backup contact.
</p>
</body></instance></envelope>