<?xml version="1.0" encoding="UTF-8"?><envelope><headers><id>f85b68be-ae27-4d0d-9409-3eccfaba85d3</id><date-metas><date>1997-04-17T12:30:00+01:00</date><year>1997</year></date-metas><tofrom-metas><email-from><email>steven.kean@enron.com</email></email-from><firstname-from><firstname>steven</firstname></firstname-from></tofrom-metas></headers><triples/><instance><content-type>application/EML</content-type><filter-capabilities>text subfiles HD-HTML</filter-capabilities><From>steven.kean@enron.com</From><Subject>Mr. Lay is being honored by the Houston Rotary Club as Citizen ofthe Year.  You are invited to attend luncheon.  Vanessa Groscrand willfollow up with details.</Subject><Date>Thu, 17 Apr 1997 04:30:00 -0700 (PDT)</Date><Message_ID>&lt;8239608.1075848069769.JavaMail.evans@thyme&gt;</Message_ID><size>696</size><body xmlns="http://www.w3.org/1999/xhtml">
<p>

Junior League, by the Ritz, starts at 12:00, there's an Enron table, buffet 
line.
Parking garage is adjacent to the Junior League.
</p>
</body></instance></envelope>