<?xml version="1.0" encoding="UTF-8"?><envelope><headers><id>4c77107b-c736-4a65-9362-96f561643d52</id><date-metas><date>1997-04-18T09:00:00+01:00</date><year>1997</year></date-metas><tofrom-metas><email-from><email>steven.kean@enron.com</email></email-from><firstname-from><firstname>steven</firstname></firstname-from></tofrom-metas></headers><triples/><instance><content-type>application/EML</content-type><filter-capabilities>text subfiles HD-HTML</filter-capabilities><From>steven.kean@enron.com</From><Subject>Department Meeting</Subject><Date>Fri, 18 Apr 1997 01:00:00 -0700 (PDT)</Date><Message_ID>&lt;3952957.1075848069792.JavaMail.evans@thyme&gt;</Message_ID><size>453</size><body xmlns="http://www.w3.org/1999/xhtml">
<p>

depelschen children's home dinner


</p>
</body></instance></envelope>