<?xml version="1.0" encoding="UTF-8"?><envelope><headers><id>90791f20-7204-4fb7-8e66-c2d0a1b8982c</id><date-metas><date>1997-03-03T12:00:00+01:00</date><year>1997</year></date-metas><tofrom-metas><email-from><email>steven.kean@enron.com</email></email-from><firstname-from><firstname>steven</firstname></firstname-from></tofrom-metas></headers><triples/><instance><content-type>application/EML</content-type><filter-capabilities>text subfiles HD-HTML</filter-capabilities><From>steven.kean@enron.com</From><Subject>PGE/Commercial Support Group Meeting, 32C1</Subject><Date>Mon, 3 Mar 1997 03:00:00 -0800 (PST)</Date><Message_ID>&lt;26244230.1075848069379.JavaMail.evans@thyme&gt;</Message_ID><size>459</size><body xmlns="http://www.w3.org/1999/xhtml">
<p>

Per Geoff Roberts
</p>
</body></instance></envelope>