<?xml version="1.0" encoding="UTF-8"?><envelope><headers><id>28f774fb-f927-47cf-8d8c-1ae8474be776</id><date-metas><date>1997-06-10T12:00:00+01:00</date><year>1997</year></date-metas><tofrom-metas><email-from><email>steven.kean@enron.com</email></email-from><firstname-from><firstname>steven</firstname></firstname-from></tofrom-metas></headers><triples/><instance><content-type>application/EML</content-type><filter-capabilities>text subfiles HD-HTML</filter-capabilities><From>steven.kean@enron.com</From><Subject>Speak to DFSC - Sharon Murphy, per Gary von Fischer, in 49C1</Subject><Date>Tue, 10 Jun 1997 04:00:00 -0700 (PDT)</Date><Message_ID>&lt;2562970.1075848070139.JavaMail.evans@thyme&gt;</Message_ID><size>596</size><body xmlns="http://www.w3.org/1999/xhtml">
<p>

Moved to 11:00 per Larry Trybus
Please address issues in 889, OASIS, in addition to deregulation material
You will have an hour to speak
</p>
</body></instance></envelope>