<?xml version="1.0" encoding="UTF-8"?><envelope><headers><id>5f62f4a0-64c8-4bae-a907-71b6712c1d4b</id><date-metas><date>1997-06-27T09:30:00+01:00</date><year>1997</year></date-metas><tofrom-metas><email-from><email>steven.kean@enron.com</email></email-from><firstname-from><firstname>steven</firstname></firstname-from></tofrom-metas></headers><triples/><instance><content-type>application/EML</content-type><filter-capabilities>text subfiles HD-HTML</filter-capabilities><From>steven.kean@enron.com</From><Subject>Joe Hirko, PGE in your office</Subject><Date>Fri, 27 Jun 1997 01:30:00 -0700 (PDT)</Date><Message_ID>&lt;18960392.1075848070432.JavaMail.evans@thyme&gt;</Message_ID><size>511</size><body xmlns="http://www.w3.org/1999/xhtml">
<p>

Rick Shapiro
Portland registration in cal
Former CEC commissioner -- Bob Mussiter
</p>
</body></instance></envelope>