<?xml version="1.0" encoding="UTF-8"?><envelope><headers><id>d5629e36-5baa-4496-93d7-4c14d557da77</id><date-metas><date>1997-07-22T12:00:00+01:00</date><year>1997</year></date-metas><tofrom-metas><email-from><email>steven.kean@enron.com</email></email-from><firstname-from><firstname>steven</firstname></firstname-from></tofrom-metas></headers><triples/><instance><content-type>application/EML</content-type><filter-capabilities>text subfiles HD-HTML</filter-capabilities><From>steven.kean@enron.com</From><Subject>Senate Staff Briefing, per Cynthia and Genevieve Murphy AmericanPetroleum Institute 202-682-8410, fax 682-8294</Subject><Date>Tue, 22 Jul 1997 04:00:00 -0700 (PDT)</Date><Message_ID>&lt;14012524.1075848070659.JavaMail.evans@thyme&gt;</Message_ID><size>801</size><body xmlns="http://www.w3.org/1999/xhtml">
<p>

Dirkson Senate Office building, room 628, 3:00 - 4:00.

Same sort of briefing as when you did the House Staff Briefing, same people 
will be presenting with you.

Same people as last time, except Ricardo Byrd of Nat'l Assoc. of 
Neighborhoods, they'll try to find a replacement for him.
</p>
</body></instance></envelope>