<?xml version="1.0" encoding="UTF-8"?><envelope><headers><id>e3d1fcf7-8a73-44a0-8631-bb07c5a2d470</id><date-metas><date>1997-07-28T09:00:00+01:00</date><year>1997</year></date-metas><tofrom-metas><email-from><email>steven.kean@enron.com</email></email-from><firstname-from><firstname>steven</firstname></firstname-from></tofrom-metas></headers><triples/><instance><content-type>application/EML</content-type><filter-capabilities>text subfiles HD-HTML</filter-capabilities><From>steven.kean@enron.com</From><Subject>Ed Segner's Staff meeting, in 50M Dining Room</Subject><Date>Mon, 28 Jul 1997 01:00:00 -0700 (PDT)</Date><Message_ID>&lt;21144408.1075848070748.JavaMail.evans@thyme&gt;</Message_ID><size>498</size><body xmlns="http://www.w3.org/1999/xhtml">
<p>

Maya Weber 202 383 2260
Joe Hillings
Steve Montovano
</p>
</body></instance></envelope>