<?xml version="1.0" encoding="UTF-8"?><envelope><headers><id>59bf5e1a-2dcd-43e7-8ff1-af15df8d88cf</id><date-metas><date>1997-08-01T09:00:00+01:00</date><year>1997</year></date-metas><tofrom-metas><email-from><email>steven.kean@enron.com</email></email-from><firstname-from><firstname>steven</firstname></firstname-from></tofrom-metas></headers><triples/><instance><content-type>application/EML</content-type><filter-capabilities>text subfiles HD-HTML</filter-capabilities><From>steven.kean@enron.com</From><Subject>Department meeting conference call.  800-283-1805, in Rick's name.</Subject><Date>Fri, 1 Aug 1997 01:00:00 -0700 (PDT)</Date><Message_ID>&lt;9055003.1075848070816.JavaMail.evans@thyme&gt;</Message_ID><size>506</size><body xmlns="http://www.w3.org/1999/xhtml">
<p>

Gordon Weil
Dave Marquart
Richard Tabors
</p>
</body></instance></envelope>