<?xml version="1.0" encoding="UTF-8"?><envelope><headers><id>7e45d8ec-f306-40b1-b617-ab6f25f75759</id><date-metas><date>1997-08-07T09:00:00+01:00</date><year>1997</year></date-metas><tofrom-metas><email-from><email>steven.kean@enron.com</email></email-from><firstname-from><firstname>steven</firstname></firstname-from></tofrom-metas></headers><triples/><instance><content-type>application/EML</content-type><filter-capabilities>text subfiles HD-HTML</filter-capabilities><From>steven.kean@enron.com</From><Subject>Conference call with Stan Horton, Terry Thorn, Joe Hartsoe,Cynthia Sandherr - Re:  Democratic opening for FERC Commisssioner, inStan's office, EB 5023</Subject><Date>Thu, 7 Aug 1997 01:00:00 -0700 (PDT)</Date><Message_ID>&lt;2691146.1075848070953.JavaMail.evans@thyme&gt;</Message_ID><size>601</size><body xmlns="http://www.w3.org/1999/xhtml">
<p>

Ashok?
Maureen Palmer -- Voltage upgrade issue
</p>
</body></instance></envelope>