<?xml version="1.0" encoding="UTF-8"?><envelope><headers><id>37952d0b-2f7c-46f0-8d96-9d7e3df54aa5</id><date-metas><date>1997-08-22T09:00:00+01:00</date><year>1997</year></date-metas><tofrom-metas><email-from><email>steven.kean@enron.com</email></email-from><firstname-from><firstname>steven</firstname></firstname-from></tofrom-metas></headers><triples/><instance><content-type>application/EML</content-type><filter-capabilities>text subfiles HD-HTML</filter-capabilities><From>steven.kean@enron.com</From><Subject>Joe &amp; Bill</Subject><Date>Fri, 22 Aug 1997 01:00:00 -0700 (PDT)</Date><Message_ID>&lt;18243257.1075848071115.JavaMail.evans@thyme&gt;</Message_ID><size>502</size><body xmlns="http://www.w3.org/1999/xhtml">
<p>

Claif Briefing tomorrow
US GEN market power
Linda Breathitt
Jordan Mintz 3-7897
Allegretti
</p>
</body></instance></envelope>