<?xml version="1.0" encoding="UTF-8"?><envelope><headers><id>243ec484-7f22-4d80-b2d0-ca4b84933c23</id><date-metas><date>1997-03-16T09:00:00+01:00</date><year>1997</year></date-metas><tofrom-metas><email-from><email>steven.kean@enron.com</email></email-from><firstname-from><firstname>steven</firstname></firstname-from></tofrom-metas></headers><triples/><instance><content-type>application/EML</content-type><filter-capabilities>text subfiles HD-HTML</filter-capabilities><From>steven.kean@enron.com</From><Subject>Washington DC - Council of the Great City Schools</Subject><Date>Sun, 16 Mar 1997 00:00:00 -0800 (PST)</Date><Message_ID>&lt;25283171.1075848069515.JavaMail.evans@thyme&gt;</Message_ID><size>508</size><body xmlns="http://www.w3.org/1999/xhtml">
<p>

2:00 - 5:00

Secretary Reilly will speak just before you.
</p>
</body></instance></envelope>