<?xml version="1.0" encoding="UTF-8"?><envelope><headers><id>d4f8b25d-f646-48d2-bf25-de81ee5d9b51</id><date-metas><date>1997-09-17T10:00:00+01:00</date><year>1997</year></date-metas><tofrom-metas><email-from><email>steven.kean@enron.com</email></email-from><firstname-from><firstname>steven</firstname></firstname-from></tofrom-metas></headers><triples/><instance><content-type>application/EML</content-type><filter-capabilities>text subfiles HD-HTML</filter-capabilities><From>steven.kean@enron.com</From><Subject>Antitrust meeting with Rick, Lara, and Vicki Sharp, in teamroom.</Subject><Date>Wed, 17 Sep 1997 02:00:00 -0700 (PDT)</Date><Message_ID>&lt;22221499.1075848071449.JavaMail.evans@thyme&gt;</Message_ID><size>532</size><body xmlns="http://www.w3.org/1999/xhtml">
<p>

Cynthia  -- regulator to speak on same day as Shaheen
Tom Delainey 
</p>
</body></instance></envelope>