<?xml version="1.0" encoding="UTF-8"?><envelope><headers><id>0cfc5eec-8ce2-40fb-a21d-6db66a66a7c3</id><date-metas><date>1997-09-18T14:00:00+01:00</date><year>1997</year></date-metas><tofrom-metas><email-from><email>steven.kean@enron.com</email></email-from><firstname-from><firstname>steven</firstname></firstname-from></tofrom-metas></headers><triples/><instance><content-type>application/EML</content-type><filter-capabilities>text subfiles HD-HTML</filter-capabilities><From>steven.kean@enron.com</From><Subject>California CTC meeting in EB791 - Maureen Palmer</Subject><Date>Thu, 18 Sep 1997 06:00:00 -0700 (PDT)</Date><Message_ID>&lt;15909646.1075848071472.JavaMail.evans@thyme&gt;</Message_ID><size>550</size><body xmlns="http://www.w3.org/1999/xhtml">
<p>

Also invited Lou Pai, Dave Duran, Dave Parquet, Sean Holmes, John Henderson, 
Marty Sunde, Jim Fallon
</p>
</body></instance></envelope>