<?xml version="1.0" encoding="UTF-8"?><envelope><headers><id>b844224c-2d70-4d10-8551-f652518e13a6</id><date-metas><date>1998-11-19T15:34:00+01:00</date><year>1998</year></date-metas><tofrom-metas><email-from><email>mark.taylor@enron.com</email></email-from><firstname-from><firstname>mark</firstname></firstname-from><email-to><email>mtaylor587@aol.com</email></email-to><firstname-to/></tofrom-metas></headers><triples><sem:triple xmlns:sem="http://marklogic.com/semantics"><sem:subject>mark.taylor@enron.com</sem:subject><sem:predicate>http://demo.marklogic.com#sendsTo</sem:predicate><sem:object>mtaylor587@aol.com</sem:object></sem:triple></triples><instance><content-type>application/EML</content-type><filter-capabilities>text subfiles HD-HTML</filter-capabilities><From>mark.taylor@enron.com</From><To>mtaylor587@aol.com</To><Subject>United Airlines International E-Fares</Subject><Date>Thu, 19 Nov 1998 06:34:00 -0800 (PST)</Date><Message_ID>&lt;9220377.1075860046409.JavaMail.evans@thyme&gt;</Message_ID><size>6283</size><body xmlns="http://www.w3.org/1999/xhtml">
<p>

---------------------- Forwarded by Mark - ECT Legal Taylor/HOU/ECT on 
11/19/98 02:34 PM ---------------------------
   
 Enron Capital &amp; Trade Resources Corp.
 
 From:  United E-Fares &lt;united-efares@itn.net&gt;                           
11/18/98 11:02 PM
 

Please respond to United E-Fares &lt;united-efares-reply@itn.net&gt;
To: United.E-Fares.Guests@bogons.itn.net
cc:  (bcc: Mark - ECT Legal Taylor/HOU/ECT)
Subject: United Airlines International E-Fares



                       UNITED INTERNATIONAL E-FARES

Thank you for subscribing to United's E-Fares (sm).  E-Fares are one of
the easiest ways for you to save on United Airlines flights.  Simply browse
the list of fares and markets below, then go to http://www.ual.com/ to
purchase your tickets online.  If your e-mail is Internet compatible, just
click the hyperlink to access our website.

To remove your name from our mailing list, log-on to E-fares, at
http://www.ual.com.  Click on E-Fares in the Shortcuts drop down list.
Log on to United Connection on the Web, click on Tell Us About Yourself
and make the change in the Email section of your User Profile.

See E-Fares Facts below for additional conditions and restrictions.

        Departure City              Destination City           Roundtrip Fare


        Atlantic E-Fares: United Economy

        Chicago (ORD)               Duesseldorf (DUS)          310.00
        Chicago (ORD)               Frankfurt (FRA)            310.00
        Chicago (ORD)               Paris (CDG)                310.00
        Newark (EWR)                London (LHR)               239.00
        San Francisco (SFO)         Paris (CDG)                366.00
        Washington (IAD)            London (LHR)               309.00
        Washington (IAD)            Munich (MUC)               301.00
        Washington (IAD)            Paris (CDG)                329.00


        Latin America E-Fares: United Economy

        Chicago (ORD)               Mexico City (MEX)          199.00
        Los Angeles (LAX)           Mexico City (MEX)          209.00
        New York (JFK)              Buenos Aires (EZE)         465.00
        New York (JFK)              Caracas (CCS)              284.00
        Washington (IAD)            San Salvador (SAL)         260.00


        Pacific E-Fares: United Economy

        Chicago (ORD)               Hong Kong (HKG)            599.00
        Boston (BOS)                Hong Kong (HKG)            699.00
        Los Angeles (LAX)           Auckland (AKL)             599.00
        Los Angeles (LAX)           Hong Kong (HKG)            499.00
        Los Angeles (LAX)           Sydney (SYD)               699.00
        New York (JFK)              Hong Kong (HKG)            699.00
        New York (JFK)              Sydney (SYD)               999.00
        San Francisco (SFO)         Sydney (SYD)               599.00
        San Francisco (SFO)         Taipei (TPE)               599.00

INTERNATIONAL E-FARE FACTS  E-fares are only valid for round-trip travel
in Economy Class on United Airlines, and are restricted to the flights and
dates indicated. One-way travel, stopovers, and standby travel are not
permitted.

Fares are valid only for travel originating in the city or cities
indicated.

It is the passenger's responsibility to be in possession of all necessary
documentation for the destination country (valid passport, visa, etc.) at
the time of departure. United reserves the right to deny boarding to
passengers without the proper documentation.
Seats are limited and may not be available on all flights/dates. Offer is
for a very limited time and is subject to change without notice.

Reservations must be made using United's website at least one day
prior to travel. Tickets require immediate purchase by credit card when
reservations are made. Ticketing will be electronic (E-Ticket) where
applicable.  Otherwise tickets must be picked up at a United Airlines City
Ticket Office or at an airport location within 48 hours of making the
reservations or on the day of departure, whichever is earlier.
Credit card owner must be present to show the credit card used to purchase
the ticket as well as a valid picture ID.

Tickets are non-refundable, but a wholly unused ticket may be applied
toward future travel on United Airlines for a $75 USD service fee.
E-Fares are only available for travel on or after the date of purchase
and will not be honored retroactively or in conjunction with the exchange
of any wholly or partially unused ticket.

Changes to flight date, flight number and routing are not permitted. In
the event of a flight cancellation, customers will, at United's option,
either be reaccommodated on another United flight or be issued a
refund, but will not be accommodated on another airline's flights.

International fares may be subject to government approval.

Fares are subject to U.S. departure, agricultural, immigrations, customs
and security taxes/surcharges of up to $47 USD.  For travel to some
countries, additional airport, transportation, embarkation, security, duty,
equalization, passenger service and noise taxes/surcharges of up to $35 USD
will apply depending on the destination and may vary slightly depending on
currency exchange rates at the time of purchase.  For return travel from
some countries, fares do not include airport and/or departure taxes of up
to $37 USD which may be collected by the foreign government at time of
departure.

Fares do not include Passenger Facility Charges of up to $12 USD per
round-trip which may be collected depending upon the itinerary.

Fares cannot be combined with any other United Airlines or other
airlines' discount, coupon, or promotional offers.



                             ?1998 United Airlines
                          ?1998 Internet Travel Network
</p>
</body></instance></envelope>