<?xml version="1.0" encoding="UTF-8"?><envelope><headers><id>cf54b3da-9991-4b88-90f7-cb519e13796e</id><date-metas><date>1998-11-19T15:42:00+01:00</date><year>1998</year></date-metas><tofrom-metas><email-from><email>mark.taylor@enron.com</email></email-from><firstname-from><firstname>mark</firstname></firstname-from><email-to><email>brent.hendry@enron.com</email></email-to><firstname-to><firstname>brent</firstname></firstname-to></tofrom-metas></headers><triples><sem:triple xmlns:sem="http://marklogic.com/semantics"><sem:subject>mark.taylor@enron.com</sem:subject><sem:predicate>http://demo.marklogic.com#sendsTo</sem:predicate><sem:object>brent.hendry@enron.com</sem:object></sem:triple><sem:triple xmlns:sem="http://marklogic.com/semantics"><sem:subject>mark</sem:subject><sem:predicate>http://demo.marklogic.com#speaksTo</sem:predicate><sem:object>brent</sem:object></sem:triple></triples><instance><content-type>application/EML</content-type><filter-capabilities>text subfiles HD-HTML</filter-capabilities><From>mark.taylor@enron.com</From><To>brent.hendry@enron.com</To><Subject>Re: Indemnification</Subject><Date>Thu, 19 Nov 1998 06:42:00 -0800 (PST)</Date><Message_ID>&lt;12510385.1075860046431.JavaMail.evans@thyme&gt;</Message_ID><size>1381</size><body xmlns="http://www.w3.org/1999/xhtml">
<p>

I think I'll try to run this by Michelle Cash real quick - I'll get right 
back to you.




Brent Hendry@ENRON_DEVELOPMENT
11/19/98 12:28 PM
To: Mark - ECT Legal Taylor@ECT
cc:  
Subject: Indemnification

I wanted to run this agreement by you before I sent it to Randy.  The 
Directors and officers of Argentine companies have joint and several 
liability to the shareholders and third parties for their acts as directors 
and officers and therefore what often happens is that the companies agree to 
indemnify them as long as they are acting within their scope of employment.  
I have created this form out of several documents I have run across and 
wanted to know if it looks reasonable.  I will also check into whether it 
needs to be approved by the shareholders and whether an Argentine company can 
even agree to indemnify its directors and officers in advance of any action.  
Please let me know what you think.





</p>
</body></instance></envelope>