<?xml version="1.0" encoding="UTF-8"?><envelope><headers><id>83704d41-eb47-4e52-adaa-e205bc871405</id><date-metas><date>1998-11-19T15:49:00+01:00</date><year>1998</year></date-metas><tofrom-metas><email-from><email>mark.taylor@enron.com</email></email-from><firstname-from><firstname>mark</firstname></firstname-from><email-to><email>brent.hendry@enron.com</email></email-to><firstname-to><firstname>brent</firstname></firstname-to></tofrom-metas></headers><triples><sem:triple xmlns:sem="http://marklogic.com/semantics"><sem:subject>mark.taylor@enron.com</sem:subject><sem:predicate>http://demo.marklogic.com#sendsTo</sem:predicate><sem:object>brent.hendry@enron.com</sem:object></sem:triple><sem:triple xmlns:sem="http://marklogic.com/semantics"><sem:subject>mark</sem:subject><sem:predicate>http://demo.marklogic.com#speaksTo</sem:predicate><sem:object>brent</sem:object></sem:triple></triples><instance><content-type>application/EML</content-type><filter-capabilities>text subfiles HD-HTML</filter-capabilities><From>mark.taylor@enron.com</From><To>brent.hendry@enron.com</To><Subject>Re: Andrea Calo</Subject><Date>Thu, 19 Nov 1998 06:49:00 -0800 (PST)</Date><Message_ID>&lt;9979860.1075860046452.JavaMail.evans@thyme&gt;</Message_ID><size>931</size><body xmlns="http://www.w3.org/1999/xhtml">
<p>

Yes - it's definitely time to think about this.  My suggestion would be that 
we try to get Don to pay the expenses since the trip would be necessary 
regardless of who she was working for (EI or ECT).  Of course, if he balks, 
we'll foot the bill.




Brent Hendry@ENRON_DEVELOPMENT
11/16/98 11:58 AM
To: Mark - ECT Legal Taylor@ECT
cc:  
Subject: Andrea Calo

Is it time to think about when to bring Andrea to Houston to meet Jim 
Derrick?  Who's budget would it come out of?


</p>
</body></instance></envelope>