<?xml version="1.0" encoding="UTF-8"?><envelope><headers><id>7fa7ad06-c137-49ae-8043-d59310997dbf</id><date-metas><date>1998-11-20T10:37:00+01:00</date><year>1998</year></date-metas><tofrom-metas><email-from><email>mark.taylor@enron.com</email></email-from><firstname-from><firstname>mark</firstname></firstname-from><email-to><email>heather.mitchell@enron.com</email></email-to><firstname-to><firstname>heather</firstname></firstname-to></tofrom-metas></headers><triples><sem:triple xmlns:sem="http://marklogic.com/semantics"><sem:subject>mark.taylor@enron.com</sem:subject><sem:predicate>http://demo.marklogic.com#sendsTo</sem:predicate><sem:object>heather.mitchell@enron.com</sem:object></sem:triple><sem:triple xmlns:sem="http://marklogic.com/semantics"><sem:subject>mark</sem:subject><sem:predicate>http://demo.marklogic.com#speaksTo</sem:predicate><sem:object>heather</sem:object></sem:triple></triples><instance><content-type>application/EML</content-type><filter-capabilities>text subfiles HD-HTML</filter-capabilities><From>mark.taylor@enron.com</From><To>heather.mitchell@enron.com</To><Subject>PRC Derivatives Trading</Subject><Date>Fri, 20 Nov 1998 01:37:00 -0800 (PST)</Date><Message_ID>&lt;16542506.1075860046593.JavaMail.evans@thyme&gt;</Message_ID><size>1721</size><body xmlns="http://www.w3.org/1999/xhtml">
<p>

Heather:

Here is an excerpt from a message in which Anita Fam replies to my inquiry:

Only 3 types of institutions have the capacity and authority to enter into 
derivatives transactions in the PRC.  They are:
a. banks;
b. non-bank financial institutions ("NBFI"); and
c. foreign invested enterprises ("FIE").

Banks and NBFIs require banking licences and may only enter into derivative 
transactions for hedging purposes.  FIEs comprise (i) wholly foreign owned 
enterprises ("WFOE"); and (ii) sino-foreign owned joint ventures ("SFJV") and 
include foreign banks, foreign finance companies and bank branches . There 
are no specific restrictions for WFOEs but SFJVs may only enter into 
derivative transactions for hedging purposes as well.    State-owned 
enterprises and collectively-owned enterprises  can therefore only transact 
through a duly authorised bank or NBFI.  So it looks as if China National Oil 
Company (Corp.?) and China State Power Corp. do not have the capacity nor the 
authority to enter into derivative transactions themselves in the PRC.

I have also found a copy of the results of some legal research we had done a 
year or two ago on these issues.  If you or Cynthia would like to see it I'd 
be happy to send a copy on.
</p>
</body></instance></envelope>