<?xml version="1.0" encoding="UTF-8"?><envelope><headers><id>d3caab16-704f-4dbe-9565-3eee9ddf59d2</id><date-metas><date>1998-12-01T14:26:00+01:00</date><year>1998</year></date-metas><tofrom-metas><email-from><email>mark.taylor@enron.com</email></email-from><firstname-from><firstname>mark</firstname></firstname-from><email-to><email>darlene.forsyth@enron.com</email></email-to><firstname-to><firstname>darlene</firstname></firstname-to></tofrom-metas></headers><triples><sem:triple xmlns:sem="http://marklogic.com/semantics"><sem:subject>mark.taylor@enron.com</sem:subject><sem:predicate>http://demo.marklogic.com#sendsTo</sem:predicate><sem:object>darlene.forsyth@enron.com</sem:object></sem:triple><sem:triple xmlns:sem="http://marklogic.com/semantics"><sem:subject>mark</sem:subject><sem:predicate>http://demo.marklogic.com#speaksTo</sem:predicate><sem:object>darlene</sem:object></sem:triple></triples><instance><content-type>application/EML</content-type><filter-capabilities>text subfiles HD-HTML</filter-capabilities><From>mark.taylor@enron.com</From><To>darlene.forsyth@enron.com</To><Subject>Re: Meeting- Canadian IDRs</Subject><Date>Tue, 1 Dec 1998 05:26:00 -0800 (PST)</Date><Message_ID>&lt;9201152.1075860046734.JavaMail.evans@thyme&gt;</Message_ID><size>529</size><body xmlns="http://www.w3.org/1999/xhtml">
<p>

Darlene:

I'm busy on Thursday but Friday looks good.

Mark
</p>
</body></instance></envelope>