<?xml version="1.0" encoding="UTF-8"?><envelope><headers><id>71e43a6c-2f09-42ca-8068-76863d2ad9a8</id><date-metas><date>1998-12-01T14:30:00+01:00</date><year>1998</year></date-metas><tofrom-metas><email-from><email>mark.taylor@enron.com</email></email-from><firstname-from><firstname>mark</firstname></firstname-from><email-to><email>paul.simons@enron.com</email></email-to><firstname-to><firstname>paul</firstname></firstname-to></tofrom-metas></headers><triples><sem:triple xmlns:sem="http://marklogic.com/semantics"><sem:subject>mark.taylor@enron.com</sem:subject><sem:predicate>http://demo.marklogic.com#sendsTo</sem:predicate><sem:object>paul.simons@enron.com</sem:object></sem:triple><sem:triple xmlns:sem="http://marklogic.com/semantics"><sem:subject>mark</sem:subject><sem:predicate>http://demo.marklogic.com#speaksTo</sem:predicate><sem:object>paul</sem:object></sem:triple></triples><instance><content-type>application/EML</content-type><filter-capabilities>text subfiles HD-HTML</filter-capabilities><From>mark.taylor@enron.com</From><To>paul.simons@enron.com</To><Subject>Chase Manhattan Bank/Euro Payments</Subject><Date>Tue, 1 Dec 1998 05:30:00 -0800 (PST)</Date><Message_ID>&lt;24939342.1075860046756.JavaMail.evans@thyme&gt;</Message_ID><size>2621</size><body xmlns="http://www.w3.org/1999/xhtml">
<p>

Does this make sense to you?
---------------------- Forwarded by Mark - ECT Legal Taylor/HOU/ECT on 
12/01/98 01:30 PM ---------------------------
   
 Enron Capital &amp; Trade Resources Corp.
 
 From:  Tana Jones                           12/01/98 12:36 PM
 

To: Bob Bowen/HOU/ECT@ECT, Jefferson D Sorenson/HOU/ECT@ECT, Mary G 
Gosnell/HOU/ECT@ECT, Joe A Casas/HOU/ECT@ECT, Tara Eslick/HOU/ECT@ECT, Chris 
Brewster/HOU/ECT@ECT, Bernice Rodriguez/HOU/ECT@ECT, Lucy Ortiz/HOU/ECT@ECT, 
Laurel Adams/HOU/ECT@ECT, Dale Neuner/HOU/ECT@ECT, William S 
Bradford/HOU/ECT@ECT, Debbie R Brackett/HOU/ECT@ECT, Nidia A 
Martinez/HOU/ECT@ECT, Brandon Wax/HOU/ECT@ECT, Tanya Rohauer/HOU/ECT@ECT, 
Brant Reves/HOU/ECT@ECT, Rod Nelson/HOU/ECT@ECT, Julio Casillas/HOU/ECT@ECT, 
Kelly Minear/HOU/ECT@ECT, Tracy Ngo/HOU/ECT@ECT, Brent Hendry/HOU/ECT@ECT, 
Marie Heard/HOU/ECT@ECT, Yao Apasu/HOU/ECT@ECT, Sara Shackleton/HOU/ECT@ECT, 
Mark - ECT Legal Taylor/HOU/ECT@ECT, Shari Stack/HOU/ECT@ECT, Elizabeth 
Sager/HOU/ECT@ECT, Susan Flynn/HOU/ECT@ECT, Toni P Schulenburg/HOU/ECT@ECT, 
Rhonda L Denton/HOU/ECT@ECT, Mary Solmonson/HOU/ECT@ECT, Marilyn 
Colbert/HOU/ECT@ECT, Yolanda Cordova-Gilbert/HOU/ECT@ECT, Diane 
Ellstrom/HOU/ECT@ECT, Susan D Vrazel/HOU/ECT@ECT, Lynn E Shivers/HOU/ECT@ECT, 
Caroline Benton/HOU/ECT@ECT, Willie Harrell/HOU/ECT@ECT, Melissa 
Graves/HOU/ECT@ECT, EddieLynn Morgan/HOU/ECT@ECT, Bill D Hare/HOU/ECT@ECT, 
Robert B Cass/HOU/ECT@ECT, Leslie Reeves/HOU/ECT@ECT, Jason 
Moore/HOU/ECT@ECT, Paul Waine/LON/ECT@ECT, Amita Gosalia/LON/ECT@ECT, Paul 
Simons/LON/ECT@ECT, Edmund Cooper/LON/ECT@ECT
cc:  
Subject: Chase Manhattan Bank/Euro Payments

We have received notification from Chase dated 10/21/98 with respect to FX 
and FX Option transactions out of its London branch.  Chase Manhattan Bank, 
London will maintain its Euro account with Chase Manhattan Bank A.G., 
Frankfurt.  Effective 1/1/99, all existing payments in the European curency 
unit shall be payable in euro to such account.  Please see the 10/21/98 
letter for the relevant currencies and account information.  A copy of this 
letter will be distributed to the usual suspects. 
</p>
</body></instance></envelope>