<?xml version="1.0" encoding="UTF-8"?><envelope><headers><id>421a8f2d-a926-47d5-aa75-45f1a99959e3</id><date-metas><date>1998-12-02T17:40:00+01:00</date><year>1998</year></date-metas><tofrom-metas><email-from><email>mark.taylor@enron.com</email></email-from><firstname-from><firstname>mark</firstname></firstname-from><email-to><email>scott.sefton@enron.com</email></email-to><firstname-to><firstname>scott</firstname></firstname-to></tofrom-metas></headers><triples><sem:triple xmlns:sem="http://marklogic.com/semantics"><sem:subject>mark.taylor@enron.com</sem:subject><sem:predicate>http://demo.marklogic.com#sendsTo</sem:predicate><sem:object>scott.sefton@enron.com</sem:object></sem:triple><sem:triple xmlns:sem="http://marklogic.com/semantics"><sem:subject>mark</sem:subject><sem:predicate>http://demo.marklogic.com#speaksTo</sem:predicate><sem:object>scott</sem:object></sem:triple></triples><instance><content-type>application/EML</content-type><filter-capabilities>text subfiles HD-HTML</filter-capabilities><From>mark.taylor@enron.com</From><To>scott.sefton@enron.com</To><CC>alan.aronowitz@enron.com, paul.simons@enron.com, yao.apasu@enron.com</CC><BCC>alan.aronowitz@enron.com, paul.simons@enron.com, yao.apasu@enron.com</BCC><Subject>Re: Deal 8025</Subject><Date>Wed, 2 Dec 1998 08:40:00 -0800 (PST)</Date><Message_ID>&lt;18516287.1075860046867.JavaMail.evans@thyme&gt;</Message_ID><size>739</size><body xmlns="http://www.w3.org/1999/xhtml">
<p>

My mistake in raising the issue - Peter Sceats is with the broker in London 
who arranged the trade.
</p>
</body></instance></envelope>