<?xml version="1.0" encoding="UTF-8"?><envelope><headers><id>52238c33-d5ed-4a51-8f19-87542ddee261</id><date-metas><date>1998-12-03T20:38:00+01:00</date><year>1998</year></date-metas><tofrom-metas><email-from><email>mark.taylor@enron.com</email></email-from><firstname-from><firstname>mark</firstname></firstname-from><email-to><email>tana.jones@enron.com</email></email-to><firstname-to><firstname>tana</firstname></firstname-to></tofrom-metas></headers><triples><sem:triple xmlns:sem="http://marklogic.com/semantics"><sem:subject>mark.taylor@enron.com</sem:subject><sem:predicate>http://demo.marklogic.com#sendsTo</sem:predicate><sem:object>tana.jones@enron.com</sem:object></sem:triple><sem:triple xmlns:sem="http://marklogic.com/semantics"><sem:subject>mark</sem:subject><sem:predicate>http://demo.marklogic.com#speaksTo</sem:predicate><sem:object>tana</sem:object></sem:triple></triples><instance><content-type>application/EML</content-type><filter-capabilities>text subfiles HD-HTML</filter-capabilities><From>mark.taylor@enron.com</From><To>tana.jones@enron.com</To><Subject>Re: Time to Celebrate!</Subject><Date>Thu, 3 Dec 1998 11:38:00 -0800 (PST)</Date><Message_ID>&lt;30981070.1075860047002.JavaMail.evans@thyme&gt;</Message_ID><size>2198</size><body xmlns="http://www.w3.org/1999/xhtml">
<p>

I'll be there!


   
 Enron Capital &amp; Trade Resources Corp.
 
 From:  Tana Jones                           12/03/98 07:37 PM
 

To: Richard B Buy/HOU/ECT@ECT, Debbie R Brackett/HOU/ECT@ECT, Rod 
Nelson/HOU/ECT@ECT, Brandon Wax/HOU/ECT@ECT, Brant Reves/HOU/ECT@ECT, Nidia A 
Martinez/HOU/ECT@ECT, Cynthia L Schneider/HOU/ECT@ECT, Tanya 
Rohauer/HOU/ECT@ECT, Kelly Minear/HOU/ECT@ECT, Julio Casillas/HOU/ECT@ECT, 
William S Bradford/HOU/ECT@ECT, Mark E Haedicke/HOU/ECT@ECT, Mark - ECT Legal 
Taylor/HOU/ECT@ECT, Yao Apasu/HOU/ECT@ECT, Sara Shackleton/HOU/ECT@ECT, Shari 
Stack/HOU/ECT@ECT, Elizabeth Sager/HOU/ECT@ECT, Marie Heard/HOU/ECT@ECT, 
Susan Flynn/HOU/ECT@ECT, Janet Dobernecker/HOU/ECT@ECT, Erica 
Braden/HOU/ECT@ECT, Brenda Whitehead/HOU/ECT@ECT, Teddie Hamra/HOU/ECT@ECT, 
Becky Tlucek/HOU/ECT@ECT, Wende Warren/HOU/ECT@ECT
cc:  
Subject: Time to Celebrate!

We've actually reached and passed our target of 300 executed master swap 
agreements, so Bill Bradford and Mark Taylor would like to invite the 
Legal/Credit financial trading team to  a celebration!  Please join us on 
Wednesday, December 9 from 5:30 to 7:30 (or longer!) at Cafe Noche located at 
2409 Montrose (just north of Westheimer at Fairview).   Please RSVP so I can 
get a head count.

 To give you an idea of where we were and where we are now, the earliest 
Pending Swap Update I have dated 7/27/94 (shortly after I started with Enron) 
shows:

ISDA Masters:  10
Other Masters:  44
Total Counterparty Masters:  54
Internal Masters:  3

Our current master total per Lotus Notes are:

ISDA Masters:  164
Other Masters:  158
Total Counterparty Masters:  322
Internal Masters:  57
Current drafts out to counterparties:  595

Kudos to everyone for a job well done!


</p>
</body></instance></envelope>