<?xml version="1.0" encoding="UTF-8"?><envelope><headers><id>b80b520c-f342-44b3-9923-8be7336999b4</id><date-metas><date>1998-12-08T09:59:00+01:00</date><year>1998</year></date-metas><tofrom-metas><email-from><email>mark.taylor@enron.com</email></email-from><firstname-from><firstname>mark</firstname></firstname-from><email-to><email>scott.sefton@enron.com</email></email-to><firstname-to><firstname>scott</firstname></firstname-to></tofrom-metas></headers><triples><sem:triple xmlns:sem="http://marklogic.com/semantics"><sem:subject>mark.taylor@enron.com</sem:subject><sem:predicate>http://demo.marklogic.com#sendsTo</sem:predicate><sem:object>scott.sefton@enron.com</sem:object></sem:triple><sem:triple xmlns:sem="http://marklogic.com/semantics"><sem:subject>mark</sem:subject><sem:predicate>http://demo.marklogic.com#speaksTo</sem:predicate><sem:object>scott</sem:object></sem:triple></triples><instance><content-type>application/EML</content-type><filter-capabilities>text subfiles HD-HTML</filter-capabilities><From>mark.taylor@enron.com</From><To>scott.sefton@enron.com</To><Subject>Re: Last Message</Subject><Date>Tue, 8 Dec 1998 00:59:00 -0800 (PST)</Date><Message_ID>&lt;12989143.1075860047066.JavaMail.evans@thyme&gt;</Message_ID><size>1644</size><body xmlns="http://www.w3.org/1999/xhtml">
<p>

It's not clear to me which form you want - we have (i) an "Annex A" which we 
use like a general terms and conditions to attach to a one-off confirm (i.e. 
where there is no master agreement in place) and is sometimes called the 
"Omnibus" (because it's a single form for any type of commodity derivative 
which replaced a multitude of separate forms) or (ii) a "Schedule" which is 
attached to the ISDA form agreement to make it our version of the ISDA master 
which can then have a collateral support annex attached.  Just to make it a 
little more complicated, we also have our own form of master agreement which 
we use with less sophisticated counterparties and where we need to translate 
the document into another language (which we don't want to do with the ISDA). 
 Just let me know which one you want &amp; I'll have Tana e-mail it to you.  This 
stuff is all covered in Tana's short-course on ECT derivatives documentation 
- maybe you'd like to sit in on it when she comes over?




Scott Sefton
12/08/98 03:45 AM
To: Mark - ECT Legal Taylor/HOU/ECT@ECT
cc:  
Subject: Last Message

I flubbed in my last message. I don't want the deemed ISDA, I want the full 
form Annex A. Thanks!


</p>
</body></instance></envelope>