<?xml version="1.0" encoding="UTF-8"?><envelope><headers><id>33552161-0977-4266-bce3-cd414bf9ce29</id><date-metas><date>1998-12-16T12:11:00+01:00</date><year>1998</year></date-metas><tofrom-metas><email-from><email>mark.taylor@enron.com</email></email-from><firstname-from><firstname>mark</firstname></firstname-from><email-to><email>susan.flynn@enron.com</email></email-to><firstname-to><firstname>susan</firstname></firstname-to></tofrom-metas></headers><triples><sem:triple xmlns:sem="http://marklogic.com/semantics"><sem:subject>mark.taylor@enron.com</sem:subject><sem:predicate>http://demo.marklogic.com#sendsTo</sem:predicate><sem:object>susan.flynn@enron.com</sem:object></sem:triple><sem:triple xmlns:sem="http://marklogic.com/semantics"><sem:subject>mark</sem:subject><sem:predicate>http://demo.marklogic.com#speaksTo</sem:predicate><sem:object>susan</sem:object></sem:triple></triples><instance><content-type>application/EML</content-type><filter-capabilities>text subfiles HD-HTML</filter-capabilities><From>mark.taylor@enron.com</From><To>susan.flynn@enron.com</To><Subject>URGENT RE: ETOL INTEREST RATE SWAP</Subject><Date>Wed, 16 Dec 1998 03:11:00 -0800 (PST)</Date><Message_ID>&lt;5284204.1075860047331.JavaMail.evans@thyme&gt;</Message_ID><size>1056</size><body xmlns="http://www.w3.org/1999/xhtml">
<p>

Here it is!
---------------------- Forwarded by Mark - ECT Legal Taylor/HOU/ECT on 
12/16/98 11:10 AM ---------------------------


Cynthia L Schneider
12/16/98 10:40 AM
To: Mark - ECT Legal Taylor/HOU/ECT@ECT, Yao Apasu/HOU/ECT@ECT
cc: William S Bradford/HOU/ECT@ECT 
Subject: URGENT RE: ETOL INTEREST RATE SWAP

Attached please find the credit term sheet for the Master ISDA Agmt. between 
ETOL and {ECT or RMT} - whichever US entity Steven Douglas determines is 
appropriate.  I will send the Intercreditor Agmt. to you via cc:mail as well. 
As you know, this is a rush situation. 



</p>
</body></instance></envelope>