<?xml version="1.0" encoding="UTF-8"?><envelope><headers><id>bbe3cb6a-4f0f-43de-96ff-f092d9f741c6</id><date-metas><date>1998-12-16T19:57:00+01:00</date><year>1998</year></date-metas><tofrom-metas><email-from><email>mark.taylor@enron.com</email></email-from><firstname-from><firstname>mark</firstname></firstname-from><email-to><email>mzeleanor@juno.com</email></email-to><firstname-to/></tofrom-metas></headers><triples><sem:triple xmlns:sem="http://marklogic.com/semantics"><sem:subject>mark.taylor@enron.com</sem:subject><sem:predicate>http://demo.marklogic.com#sendsTo</sem:predicate><sem:object>mzeleanor@juno.com</sem:object></sem:triple></triples><instance><content-type>application/EML</content-type><filter-capabilities>text subfiles HD-HTML</filter-capabilities><From>mark.taylor@enron.com</From><To>mzeleanor@juno.com</To><Subject>Book for Tim</Subject><Date>Wed, 16 Dec 1998 10:57:00 -0800 (PST)</Date><Message_ID>&lt;1235538.1075860047417.JavaMail.evans@thyme&gt;</Message_ID><size>684</size><body xmlns="http://www.w3.org/1999/xhtml">
<p>

There appears to be a brand new book out by David Brin (one of Tim's authors) 
called "Heaven's Reach" which I think is still only available in hardback.  
If you decide not to get it, please let me know and I may.
</p>
</body></instance></envelope>