<?xml version="1.0" encoding="UTF-8"?><envelope><headers><id>8d15175e-ad7c-4fcd-bfda-0f5e21ff88a0</id><date-metas><date>1998-12-22T12:44:00+01:00</date><year>1998</year></date-metas><tofrom-metas><email-from><email>mark.taylor@enron.com</email></email-from><firstname-from><firstname>mark</firstname></firstname-from><email-to><email>brent.hendry@enron.com</email></email-to><firstname-to><firstname>brent</firstname></firstname-to></tofrom-metas></headers><triples><sem:triple xmlns:sem="http://marklogic.com/semantics"><sem:subject>mark.taylor@enron.com</sem:subject><sem:predicate>http://demo.marklogic.com#sendsTo</sem:predicate><sem:object>brent.hendry@enron.com</sem:object></sem:triple><sem:triple xmlns:sem="http://marklogic.com/semantics"><sem:subject>mark</sem:subject><sem:predicate>http://demo.marklogic.com#speaksTo</sem:predicate><sem:object>brent</sem:object></sem:triple></triples><instance><content-type>application/EML</content-type><filter-capabilities>text subfiles HD-HTML</filter-capabilities><From>mark.taylor@enron.com</From><To>brent.hendry@enron.com</To><CC>mark.haedicke@enron.com, jordan.mintz@enron.com, jeffrey.hodge@enron.com, dan.hyvl@enron.com, harry.collins@enron.com, stacy.dickson@enron.com,bob.carter@enron.com, susan.musch@enron.com, andrea.calo@enron.com,stephen.hooser@enron.com</CC><BCC>mark.haedicke@enron.com, jordan.mintz@enron.com, jeffrey.hodge@enron.com, dan.hyvl@enron.com, harry.collins@enron.com, stacy.dickson@enron.com,bob.carter@enron.com, susan.musch@enron.com, andrea.calo@enron.com,stephen.hooser@enron.com</BCC><Subject>Re: ECT SA Legal Team Meeting</Subject><Date>Tue, 22 Dec 1998 03:44:00 -0800 (PST)</Date><Message_ID>&lt;179303.1075860047692.JavaMail.evans@thyme&gt;</Message_ID><size>1947</size><body xmlns="http://www.w3.org/1999/xhtml">
<p>

There are conflicts for the 2:00 time slot and so many year-end deals taking 
up everyone's time and attention that I think it makes sense to reschedule 
for a later date.  




Brent Hendry@ENRON_DEVELOPMENT
12/22/98 10:15 AM
To: Mark - ECT Legal Taylor@ECT
cc: Mark E Haedicke@ECT, Jordan Mintz@ECT, Jeffrey T Hodge@ECT, Dan J 
Hyvl@ECT, Harry M Collins@ECT, Stacy E Dickson@ECT, Bob Carter@ECT, Yao 
Apasu@ENRON_DEVELOPMENT, Susan Musch/ENRON_DEVELOPMENT@ENRON_DEVELOPMENT, 
Andrea Calo/ENRON_DEVELOPMENT@ENRON_DEVELOPMENT, Stephen W Van Hooser@ECT 
Subject: ECT SA Legal Team Meeting

Mark, would it would it be possible to move the meeting to 2 PM Houston time 
today?  If there are schedule conflicts or if a room is not available then 
perhaps we can reschedule it for after the Holidays.



</p>
</body></instance></envelope>