<?xml version="1.0" encoding="UTF-8"?><envelope><headers><id>d6921c6e-d556-45f2-976c-be4903141b3f</id><date-metas><date>1997-11-04T10:00:00+01:00</date><year>1997</year></date-metas><tofrom-metas><email-from><email>steven.kean@enron.com</email></email-from><firstname-from><firstname>steven</firstname></firstname-from></tofrom-metas></headers><triples/><instance><content-type>application/EML</content-type><filter-capabilities>text subfiles HD-HTML</filter-capabilities><From>steven.kean@enron.com</From><Subject>EES Staff Meeting, in 791</Subject><Date>Tue, 4 Nov 1997 01:00:00 -0800 (PST)</Date><Message_ID>&lt;19303889.1075846267680.JavaMail.evans@thyme&gt;</Message_ID><size>560</size><body xmlns="http://www.w3.org/1999/xhtml">
<p>

houston
Bryson?
3-6424 -- Peggy Menchaca
Kathleen
Leslie Lawner - gas choice
Fumo3 (4,8,11,12,20)
Peco 15 (
39235
Lauren Cox 9416377899
</p>
</body></instance></envelope>