<?xml version="1.0" encoding="UTF-8"?><envelope><headers><id>21bf2e98-d2de-410f-8291-256786b4ab8e</id><date-metas><date>1997-11-03T09:00:00+01:00</date><year>1997</year></date-metas><tofrom-metas><email-from><email>steven.kean@enron.com</email></email-from><firstname-from><firstname>steven</firstname></firstname-from></tofrom-metas></headers><triples/><instance><content-type>application/EML</content-type><filter-capabilities>text subfiles HD-HTML</filter-capabilities><From>steven.kean@enron.com</From><Subject>Ed Segner's Staff meeting, in 50M Dining Room</Subject><Date>Mon, 3 Nov 1997 00:00:00 -0800 (PST)</Date><Message_ID>&lt;2674797.1075846267703.JavaMail.evans@thyme&gt;</Message_ID><size>450</size><body xmlns="http://www.w3.org/1999/xhtml">
<p>

Bryson?
</p>
</body></instance></envelope>