<?xml version="1.0" encoding="UTF-8"?><envelope><headers><id>d83e0dd0-3e60-4228-8917-fdb138a69bdd</id><date-metas><date>1997-10-15T11:00:00+01:00</date><year>1997</year></date-metas><tofrom-metas><email-from><email>steven.kean@enron.com</email></email-from><firstname-from><firstname>steven</firstname></firstname-from></tofrom-metas></headers><triples/><instance><content-type>application/EML</content-type><filter-capabilities>text subfiles HD-HTML</filter-capabilities><From>steven.kean@enron.com</From><Subject>Meeting with RW Beck, per Everett Chartier, 508/935-1675.  They'llbe in a conference room to be determined.</Subject><Date>Wed, 15 Oct 1997 03:00:00 -0700 (PDT)</Date><Message_ID>&lt;6252335.1075846267816.JavaMail.evans@thyme&gt;</Message_ID><size>664</size><body xmlns="http://www.w3.org/1999/xhtml">
<p>

Dan Leff also setting up other meeting with wholesale, retail, and gov't 
affairs people with RW Beck.Rates discussion - Rebecca knows you won't be 
there.
</p>
</body></instance></envelope>