<?xml version="1.0" encoding="UTF-8"?><envelope><headers><id>0278c892-cf13-49c0-aaea-3f9d9a10a6e7</id><date-metas><date>1997-09-26T09:00:00+01:00</date><year>1997</year></date-metas><tofrom-metas><email-from><email>steven.kean@enron.com</email></email-from><firstname-from><firstname>steven</firstname></firstname-from></tofrom-metas></headers><triples/><instance><content-type>application/EML</content-type><filter-capabilities>text subfiles HD-HTML</filter-capabilities><From>steven.kean@enron.com</From><Subject>Department meeting conference call.  800-283-1805, in Rick's name.</Subject><Date>Fri, 26 Sep 1997 01:00:00 -0700 (PDT)</Date><Message_ID>&lt;22305978.1075846268002.JavaMail.evans@thyme&gt;</Message_ID><size>569</size><body xmlns="http://www.w3.org/1999/xhtml">
<p>

Paul Jacarty
Andy Keleman
Jack Heath 
Jeff Brockmeyer 1-800-348-4825
2760 -- Andy Fastow
Janine Migden
</p>
</body></instance></envelope>