<?xml version="1.0" encoding="UTF-8"?><envelope><headers><id>08fdb89d-7d5f-4505-8c02-a78ad258839b</id><date-metas><date>1997-09-24T09:30:00+01:00</date><year>1997</year></date-metas><tofrom-metas><email-from><email>steven.kean@enron.com</email></email-from><firstname-from><firstname>steven</firstname></firstname-from></tofrom-metas></headers><triples/><instance><content-type>application/EML</content-type><filter-capabilities>text subfiles HD-HTML</filter-capabilities><From>steven.kean@enron.com</From><Subject>DOE Task Force Meeting - Plymouth MA- Not going</Subject><Date>Wed, 24 Sep 1997 01:30:00 -0700 (PDT)</Date><Message_ID>&lt;3183926.1075846268049.JavaMail.evans@thyme&gt;</Message_ID><size>612</size><body xmlns="http://www.w3.org/1999/xhtml">
<p>

Bob Silvanik -- Council of State Governments annual meeting in Dec 8 (CEO 
panel including Skilling and Hydro Qubecs Kayee?  Panel runs 10:45 - 12:15.  
(606)244-8250
</p>
</body></instance></envelope>