<?xml version="1.0" encoding="UTF-8"?><envelope><headers><id>42d58404-21d7-4f90-a88f-4b9550a95bd4</id><date-metas><date>1997-08-18T12:00:00+01:00</date><year>1997</year></date-metas><tofrom-metas><email-from><email>steven.kean@enron.com</email></email-from><firstname-from><firstname>steven</firstname></firstname-from></tofrom-metas></headers><triples/><instance><content-type>application/EML</content-type><filter-capabilities>text subfiles HD-HTML</filter-capabilities><From>steven.kean@enron.com</From><Subject>PGE/Commercial Support Group Meeting, 32C1</Subject><Date>Mon, 18 Aug 1997 04:00:00 -0700 (PDT)</Date><Message_ID>&lt;20257662.1075846268618.JavaMail.evans@thyme&gt;</Message_ID><size>459</size><body xmlns="http://www.w3.org/1999/xhtml">
<p>

Per Geoff Roberts
</p>
</body></instance></envelope>