<?xml version="1.0" encoding="UTF-8"?><envelope><headers><id>bdd1f880-23c3-4570-914b-30bdc77fc4d7</id><date-metas><date>1997-07-29T09:00:00+01:00</date><year>1997</year></date-metas><tofrom-metas><email-from><email>steven.kean@enron.com</email></email-from><firstname-from><firstname>steven</firstname></firstname-from></tofrom-metas></headers><triples/><instance><content-type>application/EML</content-type><filter-capabilities>text subfiles HD-HTML</filter-capabilities><From>steven.kean@enron.com</From><Subject>Lou Pai's staff meeting, 25C3.</Subject><Date>Tue, 29 Jul 1997 01:00:00 -0700 (PDT)</Date><Message_ID>&lt;12334855.1075846268893.JavaMail.evans@thyme&gt;</Message_ID><size>559</size><body xmlns="http://www.w3.org/1999/xhtml">
<p>

Hartsoe: PJM, Hogan,SPP, WSCC,Hebert,democratic nominee, ACA
Andy Rotherham AAE membership (703)875-0764
Gordon Weil
page Maureen
</p>
</body></instance></envelope>