<?xml version="1.0" encoding="UTF-8"?><envelope><headers><id>bee57ca9-faf1-448b-b59f-80789459a0b2</id><date-metas><date>1997-07-16T09:00:00+01:00</date><year>1997</year></date-metas><tofrom-metas><email-from><email>steven.kean@enron.com</email></email-from><firstname-from><firstname>steven</firstname></firstname-from></tofrom-metas></headers><triples/><instance><content-type>application/EML</content-type><filter-capabilities>text subfiles HD-HTML</filter-capabilities><From>steven.kean@enron.com</From><Subject>In Washington DC - Breakfast with Jim Bayless at 8:00 in WillardCoffee Shop, then 3  interviews set up by Carolyn, approx. one hour each.</Subject><Date>Wed, 16 Jul 1997 01:00:00 -0700 (PDT)</Date><Message_ID>&lt;3972267.1075846269083.JavaMail.evans@thyme&gt;</Message_ID><size>607</size><body xmlns="http://www.w3.org/1999/xhtml">
<p>

Lunch with Joe Hartsoe at 12:00 

Return to Houston on 5:20 flight.
</p>
</body></instance></envelope>