<?xml version="1.0" encoding="UTF-8"?><envelope><headers><id>55a9ff89-f4a9-4976-972e-e37ea7ad87b2</id><date-metas><date>1997-06-25T09:00:00+01:00</date><year>1997</year></date-metas><tofrom-metas><email-from><email>steven.kean@enron.com</email></email-from><firstname-from><firstname>steven</firstname></firstname-from></tofrom-metas></headers><triples/><instance><content-type>application/EML</content-type><filter-capabilities>text subfiles HD-HTML</filter-capabilities><From>steven.kean@enron.com</From><Subject>Ashok's all-day staff meeting today.</Subject><Date>Wed, 25 Jun 1997 01:00:00 -0700 (PDT)</Date><Message_ID>&lt;27837620.1075846269312.JavaMail.evans@thyme&gt;</Message_ID><size>496</size><body xmlns="http://www.w3.org/1999/xhtml">
<p>

Eric (713) 464 1955
Steve Williams
PGE information for Boise
</p>
</body></instance></envelope>