<?xml version="1.0" encoding="UTF-8"?><envelope><headers><id>ce487052-a86a-4117-81ba-658324124cb6</id><date-metas><date>1997-06-17T09:00:00+01:00</date><year>1997</year></date-metas><tofrom-metas><email-from><email>steven.kean@enron.com</email></email-from><firstname-from><firstname>steven</firstname></firstname-from></tofrom-metas></headers><triples/><instance><content-type>application/EML</content-type><filter-capabilities>text subfiles HD-HTML</filter-capabilities><From>steven.kean@enron.com</From><Subject>Speaking Engagement</Subject><Date>Tue, 17 Jun 1997 01:00:00 -0700 (PDT)</Date><Message_ID>&lt;14233982.1075846269427.JavaMail.evans@thyme&gt;</Message_ID><size>655</size><body xmlns="http://www.w3.org/1999/xhtml">
<p>

MARC Conference, per Iowa Commissioner Emmett George

8:30 Sue Landwehr will meet you at the hotel for breakfast

10:30 - 12:00 Power Supply and Transmission

Lunch at 12:00 at conference

Irene Baeg 515-281-8644


Afternoon fly to DC
</p>
</body></instance></envelope>