<?xml version="1.0" encoding="UTF-8"?><envelope><headers><id>a21ca770-91ad-42b4-84b5-2e36041c9cd6</id><date-metas><date>1997-05-28T09:00:00+01:00</date><year>1997</year></date-metas><tofrom-metas><email-from><email>steven.kean@enron.com</email></email-from><firstname-from><firstname>steven</firstname></firstname-from></tofrom-metas></headers><triples/><instance><content-type>application/EML</content-type><filter-capabilities>text subfiles HD-HTML</filter-capabilities><From>steven.kean@enron.com</From><Subject>New York with Mark Koenig.</Subject><Date>Wed, 28 May 1997 01:00:00 -0700 (PDT)</Date><Message_ID>&lt;24603803.1075846269632.JavaMail.evans@thyme&gt;</Message_ID><size>503</size><body xmlns="http://www.w3.org/1999/xhtml">
<p>

Joanie is booking a dinner in NY for this night.




9:00 shuttle to DC
</p>
</body></instance></envelope>