<?xml version="1.0" encoding="UTF-8"?><envelope><headers><id>adf14a16-f63f-4205-89b0-deec9bd04105</id><date-metas><date>1997-03-11T12:00:00+01:00</date><year>1997</year></date-metas><tofrom-metas><email-from><email>steven.kean@enron.com</email></email-from><firstname-from><firstname>steven</firstname></firstname-from></tofrom-metas></headers><triples/><instance><content-type>application/EML</content-type><filter-capabilities>text subfiles HD-HTML</filter-capabilities><From>steven.kean@enron.com</From><Subject>3125A - meeting with Van der Walde, Hartsoe, Watkiss, per LucyMarshall</Subject><Date>Tue, 11 Mar 1997 03:00:00 -0800 (PST)</Date><Message_ID>&lt;9154164.1075846270198.JavaMail.evans@thyme&gt;</Message_ID><size>500</size><body xmlns="http://www.w3.org/1999/xhtml">
<p>

OK for you to join them late
</p>
</body></instance></envelope>