<?xml version="1.0" encoding="UTF-8"?><envelope><headers><id>3cfb7c47-9f67-47ea-802e-7f6a0538f90d</id><date-metas><date>1998-11-20T11:09:00+01:00</date><year>1998</year></date-metas><tofrom-metas><email-from><email>anita.fam@enron.com</email></email-from><firstname-from><firstname>anita</firstname></firstname-from><email-to><email>mark.taylor@enron.com</email></email-to><firstname-to><firstname>mark</firstname></firstname-to></tofrom-metas></headers><triples><sem:triple xmlns:sem="http://marklogic.com/semantics"><sem:subject>anita.fam@enron.com</sem:subject><sem:predicate>http://demo.marklogic.com#sendsTo</sem:predicate><sem:object>mark.taylor@enron.com</sem:object></sem:triple><sem:triple xmlns:sem="http://marklogic.com/semantics"><sem:subject>anita</sem:subject><sem:predicate>http://demo.marklogic.com#speaksTo</sem:predicate><sem:object>mark</sem:object></sem:triple></triples><instance><content-type>application/EML</content-type><filter-capabilities>text subfiles HD-HTML</filter-capabilities><From>anita.fam@enron.com</From><To>mark.taylor@enron.com</To><Subject>Re: LNG hedging for China</Subject><Date>Fri, 20 Nov 1998 02:09:00 -0800 (PST)</Date><Message_ID>&lt;21621081.1075860085068.JavaMail.evans@thyme&gt;</Message_ID><size>1726</size><body xmlns="http://www.w3.org/1999/xhtml">
<p>

Hi Mark -

You're right.  Only 3 types of institutions have the capacity and authority 
to enter into derivatives transactions in the PRC.  They are:
a. banks;
b. non-bank financial institutions ("NBFI"); and
c. foreign invested enterprises ("FIE").

Banks and NBFIs require banking licences and may only enter into derivative 
transactions for hedging purposes.  FIEs comprise (i) wholly foreign owned 
enterprises ("WFOE"); and (ii) sino-foreign owned joint ventures ("SFJV") and 
include foreign banks, foreign finance companies and bank branches . There 
are no specific restrictions for WFOEs but SFJVs may only enter into 
derivative transactions for hedging purposes as well.    State-owned 
enterprises and collectively-owned enterprises  can therefore only transact 
through a duly authorised bank or NBFI.  So it looks as if China National Oil 
Company (Corp.?) and China State Power Corp. do not have the capacity nor the 
authority to enter into derivative transactions themselves in the PRC.

I believe  that Nony has our Legal Survey on PRC on file so you might wish to 
pass to Cynthia a copy of  the PRC Derivatives Transctions Guide for her to 
look at.  It's a good snapshot of the issues which are encountered in the PRC.

Regards,
Anita
</p>
</body></instance></envelope>