<?xml version="1.0" encoding="UTF-8"?><envelope><headers><id>32ccfc46-8c7a-4d58-a0c4-d49c29292213</id><date-metas><date>1997-10-03T08:30:00+01:00</date><year>1997</year></date-metas><tofrom-metas><email-from><email>steven.kean@enron.com</email></email-from><firstname-from><firstname>steven</firstname></firstname-from></tofrom-metas></headers><triples/><instance><content-type>application/EML</content-type><filter-capabilities>text subfiles HD-HTML</filter-capabilities><From>steven.kean@enron.com</From><Subject>Duchesne - Melissa called and cancelled.</Subject><Date>Fri, 3 Oct 1997 00:30:00 -0700 (PDT)</Date><Message_ID>&lt;22195000.1075848071785.JavaMail.evans@thyme&gt;</Message_ID><size>550</size><body xmlns="http://www.w3.org/1999/xhtml">
<p>

Put FH on AAE retainer
Bd Meeting on Sun in Bd Rm at 8:00am
Mary Kay -- posi'n on TW: ROW issues; call Leslie
</p>
</body></instance></envelope>