<?xml version="1.0" encoding="UTF-8"?><envelope><headers><id>bcbe82a3-d526-4e2d-a503-8e98b934906e</id><date-metas><date>1997-10-24T15:00:00+01:00</date><year>1997</year></date-metas><tofrom-metas><email-from><email>steven.kean@enron.com</email></email-from><firstname-from><firstname>steven</firstname></firstname-from></tofrom-metas></headers><triples/><instance><content-type>application/EML</content-type><filter-capabilities>text subfiles HD-HTML</filter-capabilities><From>steven.kean@enron.com</From><Subject>Meet with Choice Team team Diane, Mark, Luke, Vicki, Harry, Jane,Klauberg, Rick, Jim, Robin Ross, Jay Flaherty, Dan Clearfield, Amy Leaderin 6C2</Subject><Date>Fri, 24 Oct 1997 07:00:00 -0700 (PDT)</Date><Message_ID>&lt;9925860.1075848071856.JavaMail.evans@thyme&gt;</Message_ID><size>585</size><body xmlns="http://www.w3.org/1999/xhtml">
<p>

Call 800-998-2462, pin code #629012
</p>
</body></instance></envelope>