<?xml version="1.0" encoding="UTF-8"?><envelope><headers><id>134bb00a-d999-4404-b1e0-1c23f725fb22</id><date-metas><date>1997-05-15T09:30:00+01:00</date><year>1997</year></date-metas><tofrom-metas><email-from><email>steven.kean@enron.com</email></email-from><firstname-from><firstname>steven</firstname></firstname-from></tofrom-metas></headers><triples/><instance><content-type>application/EML</content-type><filter-capabilities>text subfiles HD-HTML</filter-capabilities><From>steven.kean@enron.com</From><Subject>Regulatory Roundtable, in 49C2</Subject><Date>Thu, 15 May 1997 01:30:00 -0700 (PDT)</Date><Message_ID>&lt;5388090.1075848069953.JavaMail.evans@thyme&gt;</Message_ID><size>447</size><body xmlns="http://www.w3.org/1999/xhtml">
<p>

6:00 Photographer
</p>
</body></instance></envelope>