<?xml version="1.0" encoding="UTF-8"?><envelope><headers><id>3544bd12-4d1e-4144-9d65-e06d95df0b2f</id><date-metas><date>1997-05-16T13:00:00+01:00</date><year>1997</year></date-metas><tofrom-metas><email-from><email>steven.kean@enron.com</email></email-from><firstname-from><firstname>steven</firstname></firstname-from></tofrom-metas></headers><triples/><instance><content-type>application/EML</content-type><filter-capabilities>text subfiles HD-HTML</filter-capabilities><From>steven.kean@enron.com</From><Subject>NAES/ Regulatory Meeting in 29C2.</Subject><Date>Fri, 16 May 1997 05:00:00 -0700 (PDT)</Date><Message_ID>&lt;27787680.1075848069975.JavaMail.evans@thyme&gt;</Message_ID><size>456</size><body xmlns="http://www.w3.org/1999/xhtml">
<p>

Joe Hartsoe to handle.
</p>
</body></instance></envelope>