<?xml version="1.0" encoding="UTF-8"?><envelope><headers><id>f4a18851-d8a5-4dfe-afca-a102069f65e0</id><date-metas><date>1997-05-29T09:00:00+01:00</date><year>1997</year></date-metas><tofrom-metas><email-from><email>steven.kean@enron.com</email></email-from><firstname-from><firstname>steven</firstname></firstname-from></tofrom-metas></headers><triples/><instance><content-type>application/EML</content-type><filter-capabilities>text subfiles HD-HTML</filter-capabilities><From>steven.kean@enron.com</From><Subject>National Governor's Association - Springtime in WashingtonReception</Subject><Date>Thu, 29 May 1997 01:00:00 -0700 (PDT)</Date><Message_ID>&lt;10567518.1075848070070.JavaMail.evans@thyme&gt;</Message_ID><size>574</size><body xmlns="http://www.w3.org/1999/xhtml">
<p>

6:15 p.m. to 8:30 p.m.
Contact is Alva Hines 202-624-5325 - not going unless going to be in DC 
already
</p>
</body></instance></envelope>