<?xml version="1.0" encoding="UTF-8"?><envelope><headers><id>0752ccaf-160b-4da1-b2f0-dfbc8c8eca3d</id><date-metas><date>1997-07-01T14:30:00+01:00</date><year>1997</year></date-metas><tofrom-metas><email-from><email>steven.kean@enron.com</email></email-from><firstname-from><firstname>steven</firstname></firstname-from></tofrom-metas></headers><triples/><instance><content-type>application/EML</content-type><filter-capabilities>text subfiles HD-HTML</filter-capabilities><From>steven.kean@enron.com</From><Subject>Hold for Mike Day/Wright and Talisman, 49c5</Subject><Date>Tue, 1 Jul 1997 06:30:00 -0700 (PDT)</Date><Message_ID>&lt;9452055.1075848070499.JavaMail.evans@thyme&gt;</Message_ID><size>595</size><body xmlns="http://www.w3.org/1999/xhtml">
<p>

With Mark Haedicke, keep Sylvia Sauseda and Bernadette apprised of details.

Betsy Diamond in Mike Day's office 415-781-0701is making their arrangements
</p>
</body></instance></envelope>