<?xml version="1.0" encoding="UTF-8"?><envelope><headers><id>92c8666e-627c-4e62-a3d6-865fe99cb6ff</id><date-metas><date>1997-08-23T01:00:00+01:00</date><year>1997</year></date-metas><tofrom-metas><email-from><email>steven.kean@enron.com</email></email-from><firstname-from><firstname>steven</firstname></firstname-from></tofrom-metas></headers><triples/><instance><content-type>application/EML</content-type><filter-capabilities>text subfiles HD-HTML</filter-capabilities><From>steven.kean@enron.com</From><Date>Fri, 22 Aug 1997 17:00:00 -0700 (PDT)</Date><Message_ID>&lt;2512216.1075848071159.JavaMail.evans@thyme&gt;</Message_ID><size>413</size><body xmlns="http://www.w3.org/1999/xhtml">
<p>

Calif briefing
</p>
</body></instance></envelope>