<?xml version="1.0" encoding="UTF-8"?><envelope><headers><id>04d2b7c0-733b-485c-8657-7c9d775b53b1</id><date-metas><date>1997-08-26T11:30:00+01:00</date><year>1997</year></date-metas><tofrom-metas><email-from><email>steven.kean@enron.com</email></email-from><firstname-from><firstname>steven</firstname></firstname-from></tofrom-metas></headers><triples/><instance><content-type>application/EML</content-type><filter-capabilities>text subfiles HD-HTML</filter-capabilities><From>steven.kean@enron.com</From><Subject>Project Power Play meeting, in Causey's office, EB 5015.  WithRick Causey, Kathleen Magruder, Jordan Mintz, Bob Hermann</Subject><Date>Tue, 26 Aug 1997 03:30:00 -0700 (PDT)</Date><Message_ID>&lt;11546512.1075848071203.JavaMail.evans@thyme&gt;</Message_ID><size>547</size><body xmlns="http://www.w3.org/1999/xhtml">
<p>

Per Bobbie Moody, x35955
</p>
</body></instance></envelope>