<?xml version="1.0" encoding="UTF-8"?><envelope><headers><id>ab8271df-406d-4d8b-bd97-0b4b3bcf93c9</id><date-metas><date>1997-09-16T09:00:00+01:00</date><year>1997</year></date-metas><tofrom-metas><email-from><email>steven.kean@enron.com</email></email-from><firstname-from><firstname>steven</firstname></firstname-from></tofrom-metas></headers><triples/><instance><content-type>application/EML</content-type><filter-capabilities>text subfiles HD-HTML</filter-capabilities><From>steven.kean@enron.com</From><Subject>Rick to Cover</Subject><Date>Tue, 16 Sep 1997 01:00:00 -0700 (PDT)</Date><Message_ID>&lt;33164448.1075848071427.JavaMail.evans@thyme&gt;</Message_ID><size>604</size><body xmlns="http://www.w3.org/1999/xhtml">
<p>

LTV Steel's Northern Ohio Energy Conference, in Cleveland Ohio

You will be on a panel with reps from Centerior, Ohio Edison, Cinergy

Audience will be between 400-500 ppl

Per Terrie James
</p>
</body></instance></envelope>