<?xml version="1.0" encoding="UTF-8"?><envelope><headers><id>40af1599-c885-47a0-a038-d549bd4d3d43</id><date-metas><date>1997-11-17T09:00:00+01:00</date><year>1997</year></date-metas><tofrom-metas><email-from><email>steven.kean@enron.com</email></email-from><firstname-from><firstname>steven</firstname></firstname-from></tofrom-metas></headers><triples/><instance><content-type>application/EML</content-type><filter-capabilities>text subfiles HD-HTML</filter-capabilities><From>steven.kean@enron.com</From><Subject>New Orleans - "Day of the Trader" - McGraw Hill conf - Ron Dionneis the contact - Kathleen is doing this</Subject><Date>Mon, 17 Nov 1997 00:00:00 -0800 (PST)</Date><Message_ID>&lt;23376839.1075846267611.JavaMail.evans@thyme&gt;</Message_ID><size>529</size><body xmlns="http://www.w3.org/1999/xhtml">
<p>

Sunday through Tuesday
</p>
</body></instance></envelope>