<?xml version="1.0" encoding="UTF-8"?><envelope><headers><id>9bbe267f-cd97-4bec-a0a4-d9ee1fdf63f7</id><date-metas><date>1997-10-02T09:30:00+01:00</date><year>1997</year></date-metas><tofrom-metas><email-from><email>steven.kean@enron.com</email></email-from><firstname-from><firstname>steven</firstname></firstname-from></tofrom-metas></headers><triples/><instance><content-type>application/EML</content-type><filter-capabilities>text subfiles HD-HTML</filter-capabilities><From>steven.kean@enron.com</From><Subject>Weekly Retail Meeting, EB 27C1</Subject><Date>Thu, 2 Oct 1997 01:30:00 -0700 (PDT)</Date><Message_ID>&lt;29981499.1075846267864.JavaMail.evans@thyme&gt;</Message_ID><size>503</size><body xmlns="http://www.w3.org/1999/xhtml">
<p>

John Anderson PTC/NERC
Brad Petzold
Power Nav -- John Henry (202) 466-0547
</p>
</body></instance></envelope>