<?xml version="1.0" encoding="UTF-8"?><envelope><headers><id>43cbcf2e-7c5e-4f06-9938-d453a1285d73</id><date-metas><date>1997-09-22T09:00:00+01:00</date><year>1997</year></date-metas><tofrom-metas><email-from><email>steven.kean@enron.com</email></email-from><firstname-from><firstname>steven</firstname></firstname-from></tofrom-metas></headers><triples/><instance><content-type>application/EML</content-type><filter-capabilities>text subfiles HD-HTML</filter-capabilities><From>steven.kean@enron.com</From><Subject>Ed Segner's Staff meeting, in 50M Dining Room</Subject><Date>Mon, 22 Sep 1997 01:00:00 -0700 (PDT)</Date><Message_ID>&lt;17984277.1075846268094.JavaMail.evans@thyme&gt;</Message_ID><size>493</size><body xmlns="http://www.w3.org/1999/xhtml">
<p>

Ralph Reed--get back to him
(second week of Oct)
</p>
</body></instance></envelope>