<?xml version="1.0" encoding="UTF-8"?><envelope><headers><id>62511789-7f72-4694-8622-74f2b58e1106</id><date-metas><date>1997-09-12T14:00:00+01:00</date><year>1997</year></date-metas><tofrom-metas><email-from><email>steven.kean@enron.com</email></email-from><firstname-from><firstname>steven</firstname></firstname-from></tofrom-metas></headers><triples/><instance><content-type>application/EML</content-type><filter-capabilities>text subfiles HD-HTML</filter-capabilities><From>steven.kean@enron.com</From><Subject>Hold for EES budget meeting.</Subject><Date>Fri, 12 Sep 1997 06:00:00 -0700 (PDT)</Date><Message_ID>&lt;11673626.1075846268230.JavaMail.evans@thyme&gt;</Message_ID><size>460</size><body xmlns="http://www.w3.org/1999/xhtml">
<p>

You speak at 1:10 Central time.
</p>
</body></instance></envelope>