<?xml version="1.0" encoding="UTF-8"?><envelope><headers><id>3862f679-df77-4ff4-ae5a-000fa7b5700e</id><date-metas><date>1997-08-18T09:00:00+01:00</date><year>1997</year></date-metas><tofrom-metas><email-from><email>steven.kean@enron.com</email></email-from><firstname-from><firstname>steven</firstname></firstname-from></tofrom-metas></headers><triples/><instance><content-type>application/EML</content-type><filter-capabilities>text subfiles HD-HTML</filter-capabilities><From>steven.kean@enron.com</From><Subject>Ed Segner's Staff meeting, in 50M Dining Room</Subject><Date>Mon, 18 Aug 1997 01:00:00 -0700 (PDT)</Date><Message_ID>&lt;27258320.1075846268640.JavaMail.evans@thyme&gt;</Message_ID><size>667</size><body xmlns="http://www.w3.org/1999/xhtml">
<p>

Reminder Craig Gannett meeting with Senator Gorton
Henry Hubbard -- 207 397 5091
Steve Montovano 800 650 9084
Greg Piper
Carol Dillon 503-464-8536
Kathleen -- Providence Gas (Mike McCall)
Linda Clemmons -- MIT forum at MIT
</p>
</body></instance></envelope>