<?xml version="1.0" encoding="UTF-8"?><envelope><headers><id>a39ed6c1-6160-4351-a530-f83740f3b5a5</id><date-metas><date>1997-08-06T10:00:00+01:00</date><year>1997</year></date-metas><tofrom-metas><email-from><email>steven.kean@enron.com</email></email-from><firstname-from><firstname>steven</firstname></firstname-from></tofrom-metas></headers><triples/><instance><content-type>application/EML</content-type><filter-capabilities>text subfiles HD-HTML</filter-capabilities><From>steven.kean@enron.com</From><Subject>FYI - California Conference Call, 800-749-9927, ask for MaureenPalmer</Subject><Date>Wed, 6 Aug 1997 02:00:00 -0700 (PDT)</Date><Message_ID>&lt;23180966.1075846268733.JavaMail.evans@thyme&gt;</Message_ID><size>545</size><body xmlns="http://www.w3.org/1999/xhtml">
<p>

Diane
Russell Saunders (Polaroid) RFP for fuel oil and no.6 (617) 386-7301
</p>
</body></instance></envelope>