<?xml version="1.0" encoding="UTF-8"?><envelope><headers><id>58742ff6-3a94-4aee-846b-7e8e62873533</id><date-metas><date>1997-08-04T08:30:00+01:00</date><year>1997</year></date-metas><tofrom-metas><email-from><email>steven.kean@enron.com</email></email-from><firstname-from><firstname>steven</firstname></firstname-from></tofrom-metas></headers><triples/><instance><content-type>application/EML</content-type><filter-capabilities>text subfiles HD-HTML</filter-capabilities><From>steven.kean@enron.com</From><Subject>Suzanne Brown in your office.</Subject><Date>Mon, 4 Aug 1997 00:30:00 -0700 (PDT)</Date><Message_ID>&lt;6180278.1075846268824.JavaMail.evans@thyme&gt;</Message_ID><size>531</size><body xmlns="http://www.w3.org/1999/xhtml">
<p>

Hartsoe-Commissions order on 75 O888 compl programs
Maya WeberGordon Weil
Dave Marquart
Richard Tabors


</p>
</body></instance></envelope>