<?xml version="1.0" encoding="UTF-8"?><envelope><headers><id>1fc1bd4c-9327-4f0f-948a-2288691b7f2c</id><date-metas><date>1997-07-24T09:00:00+01:00</date><year>1997</year></date-metas><tofrom-metas><email-from><email>steven.kean@enron.com</email></email-from><firstname-from><firstname>steven</firstname></firstname-from></tofrom-metas></headers><triples/><instance><content-type>application/EML</content-type><filter-capabilities>text subfiles HD-HTML</filter-capabilities><From>steven.kean@enron.com</From><Subject>In DC with Ken Lay per Desiree, CEO luncheon with Sect'y Rubin</Subject><Date>Thu, 24 Jul 1997 01:00:00 -0700 (PDT)</Date><Message_ID>&lt;19688937.1075846268984.JavaMail.evans@thyme&gt;</Message_ID><size>547</size><body xmlns="http://www.w3.org/1999/xhtml">
<p>

Desiree will schedule other appointments as well

Cynthia will attend in your place.
</p>
</body></instance></envelope>