<?xml version="1.0" encoding="UTF-8"?><envelope><headers><id>2d4e5e9b-fe2a-4c51-9064-9b37616878ee</id><date-metas><date>1997-06-04T14:30:00+01:00</date><year>1997</year></date-metas><tofrom-metas><email-from><email>steven.kean@enron.com</email></email-from><firstname-from><firstname>steven</firstname></firstname-from></tofrom-metas></headers><triples/><instance><content-type>application/EML</content-type><filter-capabilities>text subfiles HD-HTML</filter-capabilities><From>steven.kean@enron.com</From><Subject>ECT Strategy Meeting, per Julie Armstrong</Subject><Date>Wed, 4 Jun 1997 06:30:00 -0700 (PDT)</Date><Message_ID>&lt;5108811.1075846269586.JavaMail.evans@thyme&gt;</Message_ID><size>483</size><body xmlns="http://www.w3.org/1999/xhtml">
<p>

At the Four Seasons Hotel - Livingston Room
</p>
</body></instance></envelope>