<?xml version="1.0" encoding="UTF-8"?><envelope><headers><id>9a5a4b49-deb0-4c10-bfd8-7bc1a4f9fbbd</id><date-metas><date>1997-05-22T09:00:00+01:00</date><year>1997</year></date-metas><tofrom-metas><email-from><email>steven.kean@enron.com</email></email-from><firstname-from><firstname>steven</firstname></firstname-from></tofrom-metas></headers><triples/><instance><content-type>application/EML</content-type><filter-capabilities>text subfiles HD-HTML</filter-capabilities><From>steven.kean@enron.com</From><Subject>Speaking engagement with PUF Conference, on mergers, 9:00 a.m. -10:00, give a 10-15 minute presentation, then you're on a panel.</Subject><Date>Thu, 22 May 1997 01:00:00 -0700 (PDT)</Date><Message_ID>&lt;4446332.1075846269678.JavaMail.evans@thyme&gt;</Message_ID><size>581</size><body xmlns="http://www.w3.org/1999/xhtml">
<p>

In Washington DC.



Get Des to set up appointments
</p>
</body></instance></envelope>