<?xml version="1.0" encoding="UTF-8"?><envelope><headers><id>5a038e1e-8441-45e0-a945-249c095f8314</id><date-metas><date>1997-04-18T09:00:00+01:00</date><year>1997</year></date-metas><tofrom-metas><email-from><email>steven.kean@enron.com</email></email-from><firstname-from><firstname>steven</firstname></firstname-from></tofrom-metas></headers><triples/><instance><content-type>application/EML</content-type><filter-capabilities>text subfiles HD-HTML</filter-capabilities><From>steven.kean@enron.com</From><Subject>Department Meeting</Subject><Date>Fri, 18 Apr 1997 01:00:00 -0700 (PDT)</Date><Message_ID>&lt;7727364.1075846269890.JavaMail.evans@thyme&gt;</Message_ID><size>452</size><body xmlns="http://www.w3.org/1999/xhtml">
<p>

depelschen children's home dinner


</p>
</body></instance></envelope>