<?xml version="1.0" encoding="UTF-8"?><envelope><headers><id>bcced777-7877-4c4d-b825-3e397e326846</id><date-metas><date>1998-12-02T12:47:00+01:00</date><year>1998</year></date-metas><tofrom-metas><email-from><email>mark.taylor@enron.com</email></email-from><firstname-from><firstname>mark</firstname></firstname-from><email-to><email>richard.sanders@enron.com</email></email-to><firstname-to><firstname>richard</firstname></firstname-to></tofrom-metas></headers><triples><sem:triple xmlns:sem="http://marklogic.com/semantics"><sem:subject>mark.taylor@enron.com</sem:subject><sem:predicate>http://demo.marklogic.com#sendsTo</sem:predicate><sem:object>richard.sanders@enron.com</sem:object></sem:triple><sem:triple xmlns:sem="http://marklogic.com/semantics"><sem:subject>mark</sem:subject><sem:predicate>http://demo.marklogic.com#speaksTo</sem:predicate><sem:object>richard</sem:object></sem:triple></triples><instance><content-type>application/EML</content-type><filter-capabilities>text subfiles HD-HTML</filter-capabilities><From>mark.taylor@enron.com</From><To>richard.sanders@enron.com</To><CC>kimberly.dees@enron.com</CC><BCC>kimberly.dees@enron.com</BCC><Subject>Re: Position Description</Subject><Date>Wed, 2 Dec 1998 03:47:00 -0800 (PST)</Date><Message_ID>&lt;24603306.1075860046800.JavaMail.evans@thyme&gt;</Message_ID><size>1360</size><body xmlns="http://www.w3.org/1999/xhtml">
<p>

I have revised the relevant experience paragraph slightly (if you open the 
attachment using "Launch" you can see the changes highlighted).  Kim, if this 
is OK with you please go ahead and use it.





Richard B Sanders
12/02/98 08:17 AM
To: Mark - ECT Legal Taylor/HOU/ECT@ECT
cc: Kimberly B Dees/HOU/ECT@ECT 
Subject: Position Description

Please review and let Kim know if you have any corrections
---------------------- Forwarded by Richard B Sanders/HOU/ECT on 12/02/98 
08:10 AM ---------------------------
To: Richard B Sanders/HOU/ECT@ECT
cc: Cindy Skinner/HOU/ECT@ECT 
Subject: Position Description

Please review the attached description.  Per my voicemail I would like to 
have it posted on the Texas Lawyer website.  This is a free site for 
employers.  Please send me back any changes or comments.  




</p>
</body></instance></envelope>