<?xml version="1.0" encoding="UTF-8"?><envelope><headers><id>8579856f-46a7-4cfe-acfd-c4e94d27bd47</id><date-metas><date>1998-12-09T10:17:00+01:00</date><year>1998</year></date-metas><tofrom-metas><email-from><email>mark.taylor@enron.com</email></email-from><firstname-from><firstname>mark</firstname></firstname-from><email-to><email>tana.jones@enron.com</email></email-to><firstname-to><firstname>tana</firstname></firstname-to></tofrom-metas></headers><triples><sem:triple xmlns:sem="http://marklogic.com/semantics"><sem:subject>mark.taylor@enron.com</sem:subject><sem:predicate>http://demo.marklogic.com#sendsTo</sem:predicate><sem:object>tana.jones@enron.com</sem:object></sem:triple><sem:triple xmlns:sem="http://marklogic.com/semantics"><sem:subject>mark</sem:subject><sem:predicate>http://demo.marklogic.com#speaksTo</sem:predicate><sem:object>tana</sem:object></sem:triple></triples><instance><content-type>application/EML</content-type><filter-capabilities>text subfiles HD-HTML</filter-capabilities><From>mark.taylor@enron.com</From><To>tana.jones@enron.com</To><Subject>Trading Documentation - Reminder</Subject><Date>Wed, 9 Dec 1998 01:17:00 -0800 (PST)</Date><Message_ID>&lt;17368407.1075860047110.JavaMail.evans@thyme&gt;</Message_ID><size>1697</size><body xmlns="http://www.w3.org/1999/xhtml">
<p>

Any idea what database he's talking about?
---------------------- Forwarded by Mark - ECT Legal Taylor/HOU/ECT on 
12/09/98 09:17 AM ---------------------------


Paul Simons
12/09/98 03:40 AM
To: Brynjar Wiersholm/OSL/ECT@ECT
cc: Martin Rosell/OSL/ECT@ECT (bcc: Mark - ECT Legal Taylor/HOU/ECT)
Subject: Trading Documentation - Reminder

Brynjar

It was good seeing you on home ground the other day.

This is just a brief note to remind you of ECT Legal Department's policy 
regarding trading documents.

As you know, all trading documents must be approved by Legal before they can 
be used.  We maintain on a database in London all approved forms of trading 
documents and this database needs to be promptly up-dated as new market 
documents surface.

As our "first line of defence" it is very likely that you will encounter new 
trading forms before anyone else in the organisation. I would therefore ask 
you please to send to Martin Rosell any non-approved form of trading document 
(whether in the form of a broker confirm, an amendment to the NPTA Terms etc) 
as soon as you receive it. This will enable Martin to implement the approval 
process as quickly as possible.

Many thanks, as always, for your help.

Regards

Paul
</p>
</body></instance></envelope>