<?xml version="1.0" encoding="UTF-8"?><envelope><headers><id>68bdd7e8-5826-4303-940d-fdb0e493c461</id><date-metas><date>1998-11-02T20:32:00+01:00</date><year>1998</year></date-metas><tofrom-metas><email-from><email>mark.taylor@enron.com</email></email-from><firstname-from><firstname>mark</firstname></firstname-from><email-to><email>yao.apasu@enron.com</email></email-to><firstname-to><firstname>yao</firstname></firstname-to></tofrom-metas></headers><triples><sem:triple xmlns:sem="http://marklogic.com/semantics"><sem:subject>mark.taylor@enron.com</sem:subject><sem:predicate>http://demo.marklogic.com#sendsTo</sem:predicate><sem:object>yao.apasu@enron.com</sem:object></sem:triple><sem:triple xmlns:sem="http://marklogic.com/semantics"><sem:subject>mark</sem:subject><sem:predicate>http://demo.marklogic.com#speaksTo</sem:predicate><sem:object>yao</sem:object></sem:triple></triples><instance><content-type>application/EML</content-type><filter-capabilities>text subfiles HD-HTML</filter-capabilities><From>mark.taylor@enron.com</From><To>yao.apasu@enron.com</To><Subject>Description of Business for Power Marketing License</Subject><Date>Mon, 2 Nov 1998 11:32:00 -0800 (PST)</Date><Message_ID>&lt;5245094.1075860046210.JavaMail.evans@thyme&gt;</Message_ID><size>2177</size><body xmlns="http://www.w3.org/1999/xhtml">
<p>

---------------------- Forwarded by Mark - ECT Legal Taylor/HOU/ECT on 
11/02/98 07:32 PM ---------------------------
From: "Jane Wilson/ENRON_DEVELOPMENT" AT ENRON_DEVELOPMENT@CCMAIL on 10/08/98 
06:09 PM
To: Mark - ECT Legal Taylor@ECT, "Allison Venditti/ENRON_DEVELOPMENT" AT 
ENRON_DEVELOPMENT@CCMAIL
cc:  
Subject: Description of Business for Power Marketing License




Mark and Allison.  It is too ambitious to plan to translate this on Tuesday, 
I think.  I need to work with you on the regulatory stuff.  I also will work 
on the other pieces.  And most of this is missing.  Allison, do we have the 
corporate structure pieces in place.  Do we have the financial stuff.  Yao is 
on vacation I know, Mark.  How much time do you have?  I'm swamped but will 
be in Brasil on Tuesday.
---------------------- Forwarded by Jane Wilson/ENRON_DEVELOPMENT on 10/08/98
06:06 PM ---------------------------


Allison Venditti
10/08/98 03:08 PM

To:   Jane Wilson/ENRON_DEVELOPMENT@ENRON_DEVELOPMENT, Mark - ECT Legal
Taylor@ENRON_DEVELOPMENT
cc:

Subject:  Description of Business for Power Marketing License

Attached is the description of Enron's marketing business worldwide and 
marketing plan for Brazil as supplemental information to be submitted with 
Application to ANEEL to request authorization to trade electricity in Brazil. 
Please make any comments you feel necessary by Monday evening so that I can 
send out for translation Tuesday a.m.

Mark, I will send all certificates and other information required under 
Resolution 265 when I receive the completed list.

Thank you,

Allison

(See attached file: White Paper-Application to ANEEL.dot)

 - White Paper-Application to ANEEL.dot
</p>
</body></instance></envelope>