<?xml version="1.0" encoding="UTF-8"?><envelope><headers><id>27ba5858-c9b2-4543-9471-325788affd48</id><date-metas><date>1998-12-18T11:58:00+01:00</date><year>1998</year></date-metas><tofrom-metas><email-from><email>mark.taylor@enron.com</email></email-from><firstname-from><firstname>mark</firstname></firstname-from><email-to><email>susan.flynn@enron.com</email></email-to><firstname-to><firstname>susan</firstname></firstname-to></tofrom-metas></headers><triples><sem:triple xmlns:sem="http://marklogic.com/semantics"><sem:subject>mark.taylor@enron.com</sem:subject><sem:predicate>http://demo.marklogic.com#sendsTo</sem:predicate><sem:object>susan.flynn@enron.com</sem:object></sem:triple><sem:triple xmlns:sem="http://marklogic.com/semantics"><sem:subject>mark</sem:subject><sem:predicate>http://demo.marklogic.com#speaksTo</sem:predicate><sem:object>susan</sem:object></sem:triple></triples><instance><content-type>application/EML</content-type><filter-capabilities>text subfiles HD-HTML</filter-capabilities><From>mark.taylor@enron.com</From><To>susan.flynn@enron.com</To><Subject>Two New Continental Swap Deal Concluded</Subject><Date>Fri, 18 Dec 1998 02:58:00 -0800 (PST)</Date><Message_ID>&lt;2222419.1075860047461.JavaMail.evans@thyme&gt;</Message_ID><size>1497</size><body xmlns="http://www.w3.org/1999/xhtml">
<p>

Susan:

This is not urgent, but when you have a minute, please check and see what 
research we have done with local counsel in the Czech Republic.  I'm 
wondering in particular if they were part of our survey regarding European 
derivatives law.
---------------------- Forwarded by Mark - ECT Legal Taylor/HOU/ECT on 
12/18/98 10:56 AM ---------------------------
   
 Enron Capital &amp; Trade Resources Corp.
 
 From:  Justin Boyd                           12/18/98 05:23 AM
 

To: ECT London European Trading
cc:  
Subject: Two New Continental Swap Deal Concluded

Yesterday we concluded two new short term swap deals with two separate 
Continental counterparties. The details are:

Light Fuel Oil (Rheinscheine) swap with M.V.V, a large German municipality. 
Enron pays floating.
Brent Oil swap with MND, a Czech oil &amp; gas producer. Enron pays fixed. (This 
trade was done under an ISDA Master we have with MND)

Although the volumes in each case are not large, these trades are with 
significant counterparties.

Justin



</p>
</body></instance></envelope>