<?xml version="1.0" encoding="UTF-8"?><envelope><headers><id>6137f0c5-de94-4f67-a2a7-d0d43dae2d29</id><date-metas><date>1998-11-04T11:31:00+01:00</date><year>1998</year></date-metas><tofrom-metas><email-from><email>mark.taylor@enron.com</email></email-from><firstname-from><firstname>mark</firstname></firstname-from><email-to><email>marc.r.cutler@bankamerica.com</email></email-to><firstname-to><firstname>marc</firstname></firstname-to></tofrom-metas></headers><triples><sem:triple xmlns:sem="http://marklogic.com/semantics"><sem:subject>mark.taylor@enron.com</sem:subject><sem:predicate>http://demo.marklogic.com#sendsTo</sem:predicate><sem:object>marc.r.cutler@bankamerica.com</sem:object></sem:triple><sem:triple xmlns:sem="http://marklogic.com/semantics"><sem:subject>mark</sem:subject><sem:predicate>http://demo.marklogic.com#speaksTo</sem:predicate><sem:object>marc</sem:object></sem:triple></triples><instance><content-type>application/EML</content-type><filter-capabilities>text subfiles HD-HTML</filter-capabilities><From>mark.taylor@enron.com</From><To>marc.r.cutler@bankamerica.com</To><Subject>Re: Golfing With Jesus</Subject><Date>Wed, 4 Nov 1998 02:31:00 -0800 (PST)</Date><Message_ID>&lt;6818316.1075860046232.JavaMail.evans@thyme&gt;</Message_ID><size>532</size><body xmlns="http://www.w3.org/1999/xhtml">
<p>

Thanks for the joke - it's getting lots of laughs!
</p>
</body></instance></envelope>