<?xml version="1.0" encoding="UTF-8"?><envelope><headers><id>9b02a0b4-ecee-4d44-bf5b-139cba69be1f</id><date-metas><date>1998-11-04T18:21:00+01:00</date><year>1998</year></date-metas><tofrom-metas><email-from><email>mark.taylor@enron.com</email></email-from><firstname-from><firstname>mark</firstname></firstname-from><email-to><email>mtaylor587@aol.com</email></email-to><firstname-to/></tofrom-metas></headers><triples><sem:triple xmlns:sem="http://marklogic.com/semantics"><sem:subject>mark.taylor@enron.com</sem:subject><sem:predicate>http://demo.marklogic.com#sendsTo</sem:predicate><sem:object>mtaylor587@aol.com</sem:object></sem:triple></triples><instance><content-type>application/EML</content-type><filter-capabilities>text subfiles HD-HTML</filter-capabilities><From>mark.taylor@enron.com</From><To>mtaylor587@aol.com</To><Subject>Golfing with Jesus</Subject><Date>Wed, 4 Nov 1998 09:21:00 -0800 (PST)</Date><Message_ID>&lt;32197668.1075860046299.JavaMail.evans@thyme&gt;</Message_ID><size>1506</size><body xmlns="http://www.w3.org/1999/xhtml">
<p>

Moses, Jesus and an old man are golfing. Moses steps up to the tee
and hits the ball. It goes sailing over the fairway and lands in a
water trap. Moses walks down, parts the water and chips the ball onto
the green.

Jesus steps up to the tee and hits the ball. It goes sailing over
the fairway and lands in the water trap. Jesus just walks on the
water and chips the ball onto the green.

The old man steps up to the tee and hits the ball. It goes sailing
over the fairway and heads for the water trap. But just before it 
falls into the water, a fish jumps up and grabs the ball in its mouth.
As the fish is falling back down into the water, an eagle swoops down 
and grabs the fish in its claws.  The eagle flies over the green, where 
a lightning bolt shoots from the sky and barely misses it. Startled, 
the eagle drops the fish.  When the fish hits the ground, the ball 
pops out of its mouth and rolls into the hole for a hole-in-one.

Jesus turns to the old man and says, "Dad, if you don't stop fooling
around, we won't bring you next time."
</p>
</body></instance></envelope>