<?xml version="1.0" encoding="UTF-8"?><envelope><headers><id>9b2b765c-4ada-41f7-a5f2-99742f4362ee</id><date-metas><date>1997-01-01T18:22:03+01:00</date><year>1997</year></date-metas><tofrom-metas><email-from><email>laurinh@prodigy.net</email></email-from><firstname-from><firstname>laurinh@prodigy</firstname></firstname-from><email-to><email>m..love@enron.com</email></email-to><firstname-to><firstname>m</firstname></firstname-to></tofrom-metas></headers><triples><sem:triple xmlns:sem="http://marklogic.com/semantics"><sem:subject>laurinh@prodigy.net</sem:subject><sem:predicate>http://demo.marklogic.com#sendsTo</sem:predicate><sem:object>m..love@enron.com</sem:object></sem:triple><sem:triple xmlns:sem="http://marklogic.com/semantics"><sem:subject>laurinh@prodigy</sem:subject><sem:predicate>http://demo.marklogic.com#speaksTo</sem:predicate><sem:object>m</sem:object></sem:triple></triples><instance><content-type>application/EML</content-type><filter-capabilities>text subfiles HD-HTML</filter-capabilities><From>laurinh@prodigy.net</From><To>m..love@enron.com</To><CC>queue@ebay.com</CC><BCC>queue@ebay.com</BCC><Subject>item#1065594740</Subject><Date>Wed, 1 Jan 1997 09:22:03 -0800 (PST)</Date><Message_ID>&lt;14627016.1075841078430.JavaMail.evans@thyme&gt;</Message_ID><size>1000</size><body xmlns="http://www.w3.org/1999/xhtml">
<p>

It's clear the Ebay made the error in this  matter.
They are not being forthcoming about it however. I'am  continuing to communicate with them but they are being less that  honest.
I am not going to pay what I did not bid.
Since Ebay is the culprit here we are caught in the middle  
I'd refrain from leaving any negative at my site, until this  matter can be resolved, since I would have to respond in  kind.
</p>
</body></instance></envelope>