<?xml version="1.0" encoding="UTF-8"?><envelope><headers><id>f8f97078-16c8-4681-a350-2da60c7153e0</id><date-metas><date>1997-10-01T09:00:00+01:00</date><year>1997</year></date-metas><tofrom-metas><email-from><email>steven.kean@enron.com</email></email-from><firstname-from><firstname>steven</firstname></firstname-from></tofrom-metas></headers><triples/><instance><content-type>application/EML</content-type><filter-capabilities>text subfiles HD-HTML</filter-capabilities><From>steven.kean@enron.com</From><Subject>In Washington DC - fly in from Chicago this morning.  I toldCynthia that you could start meetings at 10:30.</Subject><Date>Wed, 1 Oct 1997 01:00:00 -0700 (PDT)</Date><Message_ID>&lt;14273870.1075846273383.JavaMail.evans@thyme&gt;</Message_ID><size>817</size><body xmlns="http://www.w3.org/1999/xhtml">
<p>

Lou -- Dist Gen issue
LEFF
Nicki Daw -- 011-44-171-316-5457


9/25 - Cy knows to hold off on scheduling more meetings until further notice.



Senator Bumpers, with Harry McPherson - 2:30

3:30 Senator Crapo



Cynthia will do other meetings, trying for Pallone, Gorton, Grams.


You can leave on 5:10 flight.
</p>
</body></instance></envelope>