<?xml version="1.0" encoding="UTF-8"?><envelope><headers><id>8d70ea3e-68eb-4635-8e99-a170d19496b1</id><date-metas><date>1997-04-10T09:30:00+01:00</date><year>1997</year></date-metas><tofrom-metas><email-from><email>steven.kean@enron.com</email></email-from><firstname-from><firstname>steven</firstname></firstname-from></tofrom-metas></headers><triples/><instance><content-type>application/EML</content-type><filter-capabilities>text subfiles HD-HTML</filter-capabilities><From>steven.kean@enron.com</From><Subject>Regulatory Roundtable, in 49C2</Subject><Date>Thu, 10 Apr 1997 01:30:00 -0700 (PDT)</Date><Message_ID>&lt;8507597.1075846271289.JavaMail.evans@thyme&gt;</Message_ID><size>467</size><body xmlns="http://www.w3.org/1999/xhtml">
<p>

KRTH? 9:10 - 9:55 JP Pritchard 630-3600
</p>
</body></instance></envelope>