<?xml version="1.0" encoding="UTF-8"?><envelope><headers><id>308dbd36-9f23-41e4-a507-222fc22396a1</id><date-metas><date>1997-07-30T09:00:00+01:00</date><year>1997</year></date-metas><tofrom-metas><email-from><email>steven.kean@enron.com</email></email-from><firstname-from><firstname>steven</firstname></firstname-from></tofrom-metas></headers><triples/><instance><content-type>application/EML</content-type><filter-capabilities>text subfiles HD-HTML</filter-capabilities><From>steven.kean@enron.com</From><Subject>Assoc PRC (4 Seasons)</Subject><Date>Wed, 30 Jul 1997 01:00:00 -0700 (PDT)</Date><Message_ID>&lt;25311641.1075863637357.JavaMail.evans@thyme&gt;</Message_ID><size>588</size><body xmlns="http://www.w3.org/1999/xhtml">
<p>

Hartsoe: PJM, Hogan,SPP, WSCC,Hebert,democratic nominee, ACA
Andy Rotherham AAE membership (703)875-0764
Gordon Weil
page Maureen
Joe Allen
Dave Marquart
Richard Tabors
</p>
</body></instance></envelope>