<?xml version="1.0" encoding="UTF-8"?><envelope><headers><id>491e4973-86b8-4ab9-94fa-5d787246dc53</id><date-metas><date>1997-03-05T09:00:00+01:00</date><year>1997</year></date-metas><tofrom-metas><email-from><email>steven.kean@enron.com</email></email-from><firstname-from><firstname>steven</firstname></firstname-from></tofrom-metas></headers><triples/><instance><content-type>application/EML</content-type><filter-capabilities>text subfiles HD-HTML</filter-capabilities><From>steven.kean@enron.com</From><Subject>Energy Services briefing  8:30 at the Hyatt  contact: Tom Schoevex4830</Subject><Date>Wed, 5 Mar 1997 00:00:00 -0800 (PST)</Date><Message_ID>&lt;421275.1075846271028.JavaMail.evans@thyme&gt;</Message_ID><size>529</size><body xmlns="http://www.w3.org/1999/xhtml">
<p>

You speak from 8:30 - 10:00 - Dogwood Room on the 3rd floor.
</p>
</body></instance></envelope>