<?xml version="1.0" encoding="UTF-8"?><envelope><headers><id>6663af86-bc09-4ad7-affa-3f3bc6f8fc7c</id><date-metas><date>1997-06-12T09:00:00+01:00</date><year>1997</year></date-metas><tofrom-metas><email-from><email>steven.kean@enron.com</email></email-from><firstname-from><firstname>steven</firstname></firstname-from></tofrom-metas></headers><triples/><instance><content-type>application/EML</content-type><filter-capabilities>text subfiles HD-HTML</filter-capabilities><From>steven.kean@enron.com</From><Subject>Sandy Fain</Subject><Date>Thu, 12 Jun 1997 01:00:00 -0700 (PDT)</Date><Message_ID>&lt;23716728.1075846271793.JavaMail.evans@thyme&gt;</Message_ID><size>427</size><body xmlns="http://www.w3.org/1999/xhtml">
<p>

Randy Rich in town
</p>
</body></instance></envelope>