<?xml version="1.0" encoding="UTF-8"?><envelope><headers><id>3bdcbff0-cbdd-4f2f-93e9-280269e472ce</id><date-metas><date>1997-06-12T16:00:00+01:00</date><year>1997</year></date-metas><tofrom-metas><email-from><email>steven.kean@enron.com</email></email-from><firstname-from><firstname>steven</firstname></firstname-from></tofrom-metas></headers><triples/><instance><content-type>application/EML</content-type><filter-capabilities>text subfiles HD-HTML</filter-capabilities><From>steven.kean@enron.com</From><Subject>Lynn Church - EPSA, in your office.</Subject><Date>Thu, 12 Jun 1997 08:00:00 -0700 (PDT)</Date><Message_ID>&lt;13963609.1075846271815.JavaMail.evans@thyme&gt;</Message_ID><size>462</size><body xmlns="http://www.w3.org/1999/xhtml">
<p>

(per Tim Brown 202-789-7200)
</p>
</body></instance></envelope>