<?xml version="1.0" encoding="UTF-8"?><envelope><headers><id>178241e3-21ba-4a9d-b5dc-2ebaabea4374</id><date-metas><date>1997-08-20T10:00:00+01:00</date><year>1997</year></date-metas><tofrom-metas><email-from><email>steven.kean@enron.com</email></email-from><firstname-from><firstname>steven</firstname></firstname-from></tofrom-metas></headers><triples/><instance><content-type>application/EML</content-type><filter-capabilities>text subfiles HD-HTML</filter-capabilities><From>steven.kean@enron.com</From><Subject>FYI - California Conference Call, 800-749-9927, ask for MaureenPalmer</Subject><Date>Wed, 20 Aug 1997 02:00:00 -0700 (PDT)</Date><Message_ID>&lt;13838192.1075846272693.JavaMail.evans@thyme&gt;</Message_ID><size>685</size><body xmlns="http://www.w3.org/1999/xhtml">
<p>

Lydia McGowan (Chairman Frisbee)  410 767 8072
Christa Donahue (PFI in North Carolina -- 2024672778)
Greg Piper
Carol Dillon 503-464-8536
Kathleen -- Providence Gas (Mike McCall)
Linda Clemmons -- MIT forum at MIT
</p>
</body></instance></envelope>