<?xml version="1.0" encoding="UTF-8"?><envelope><headers><id>a646193d-9df3-43a3-922e-86b401fbde9e</id><date-metas><date>1997-08-29T09:00:00+01:00</date><year>1997</year></date-metas><tofrom-metas><email-from><email>steven.kean@enron.com</email></email-from><firstname-from><firstname>steven</firstname></firstname-from></tofrom-metas></headers><triples/><instance><content-type>application/EML</content-type><filter-capabilities>text subfiles HD-HTML</filter-capabilities><From>steven.kean@enron.com</From><Subject>Department meeting conference call.  800-283-1805, in Rick's name.</Subject><Date>Fri, 29 Aug 1997 01:00:00 -0700 (PDT)</Date><Message_ID>&lt;29446413.1075846272891.JavaMail.evans@thyme&gt;</Message_ID><size>697</size><body xmlns="http://www.w3.org/1999/xhtml">
<p>

Page Montovano
Diane -- pay for part of an admin
Ken Rice
Steve Shackman -- MayaMora Weber 609 279 4094
Cal trip Leave meessage for Eliz and Karen
39504 Sheila Galloway
Ralph Cavanagh (415) 777 -0220
Mike Day 415 781 0701
Meg Nollen
</p>
</body></instance></envelope>