<?xml version="1.0" encoding="UTF-8"?><envelope><headers><id>00c7daef-b12a-46cd-aee5-dfbd7a0fa67b</id><date-metas><date>1998-11-19T10:41:00+01:00</date><year>1998</year></date-metas><tofrom-metas><email-from><email>mark.taylor@enron.com</email></email-from><firstname-from><firstname>mark</firstname></firstname-from><email-to><email>per.sekse@enron.com</email></email-to><firstname-to><firstname>per</firstname></firstname-to></tofrom-metas></headers><triples><sem:triple xmlns:sem="http://marklogic.com/semantics"><sem:subject>mark.taylor@enron.com</sem:subject><sem:predicate>http://demo.marklogic.com#sendsTo</sem:predicate><sem:object>per.sekse@enron.com</sem:object></sem:triple><sem:triple xmlns:sem="http://marklogic.com/semantics"><sem:subject>mark</sem:subject><sem:predicate>http://demo.marklogic.com#speaksTo</sem:predicate><sem:object>per</sem:object></sem:triple></triples><instance><content-type>application/EML</content-type><filter-capabilities>text subfiles HD-HTML</filter-capabilities><From>mark.taylor@enron.com</From><To>per.sekse@enron.com</To><Subject>Re: Undeliverable message</Subject><Date>Thu, 19 Nov 1998 01:41:00 -0800 (PST)</Date><Message_ID>&lt;23077587.1075859875225.JavaMail.evans@thyme&gt;</Message_ID><size>731</size><body xmlns="http://www.w3.org/1999/xhtml">
<p>

I think you can go straight to performance review - please let me know if it 
doesn't work.


To: Mark - ECT Legal Taylor/HOU/ECT@ECT
cc:  
Subject: Re: Undeliverable message  

Does this mean you have to resubmit or do I just go to the performance review 
page? 


</p>
</body></instance></envelope>