<?xml version="1.0" encoding="UTF-8"?><envelope><headers><id>e980e9b7-921c-4436-9fa8-f7acc9705a68</id><date-metas><date>1998-11-30T12:22:00+01:00</date><year>1998</year></date-metas><tofrom-metas><email-from><email>mark.taylor@enron.com</email></email-from><firstname-from><firstname>mark</firstname></firstname-from><email-to><email>cynthia.sandherr@enron.com</email></email-to><firstname-to><firstname>cynthia</firstname></firstname-to></tofrom-metas></headers><triples><sem:triple xmlns:sem="http://marklogic.com/semantics"><sem:subject>mark.taylor@enron.com</sem:subject><sem:predicate>http://demo.marklogic.com#sendsTo</sem:predicate><sem:object>cynthia.sandherr@enron.com</sem:object></sem:triple><sem:triple xmlns:sem="http://marklogic.com/semantics"><sem:subject>mark</sem:subject><sem:predicate>http://demo.marklogic.com#speaksTo</sem:predicate><sem:object>cynthia</sem:object></sem:triple></triples><instance><content-type>application/EML</content-type><filter-capabilities>text subfiles HD-HTML</filter-capabilities><From>mark.taylor@enron.com</From><To>cynthia.sandherr@enron.com</To><CC>mark.haedicke@enron.com, alan.aronowitz@enron.com, jeffrey.hodge@enron.com, scott.sefton@enron.com</CC><BCC>mark.haedicke@enron.com, alan.aronowitz@enron.com, jeffrey.hodge@enron.com, scott.sefton@enron.com</BCC><Subject>Bankruptcy Code revisions</Subject><Date>Mon, 30 Nov 1998 03:22:00 -0800 (PST)</Date><Message_ID>&lt;3754379.1075859875627.JavaMail.evans@thyme&gt;</Message_ID><size>1380</size><body xmlns="http://www.w3.org/1999/xhtml">
<p>

Cynthia:

As you know, the Bankruptcy Code revisions never made it through the recent 
Congress.  I understand they bogged down in the final days over issues which 
were essentially irrelevant to us in ECT.   I'm not sure you are aware of the 
importance to our trading business of certain of the other proposed 
revisions.  We anticipate that the revisions will be reintroduced in the next 
Congress and are beginning to think about ways that we can influence the 
outcome this time around.  Are you the right person in your shop for us to 
talk to about this?  If you could let me know, I'd appreciate it.

Thanks,

Mark
</p>
</body></instance></envelope>