<?xml version="1.0" encoding="UTF-8"?><envelope><headers><id>8e3731b6-e8ad-4300-b2d9-912e55a5b354</id><date-metas><date>1998-12-01T19:14:00+01:00</date><year>1998</year></date-metas><tofrom-metas><email-from><email>mark.taylor@enron.com</email></email-from><firstname-from><firstname>mark</firstname></firstname-from><email-to><email>darlene.forsyth@enron.com</email></email-to><firstname-to><firstname>darlene</firstname></firstname-to></tofrom-metas></headers><triples><sem:triple xmlns:sem="http://marklogic.com/semantics"><sem:subject>mark.taylor@enron.com</sem:subject><sem:predicate>http://demo.marklogic.com#sendsTo</sem:predicate><sem:object>darlene.forsyth@enron.com</sem:object></sem:triple><sem:triple xmlns:sem="http://marklogic.com/semantics"><sem:subject>mark</sem:subject><sem:predicate>http://demo.marklogic.com#speaksTo</sem:predicate><sem:object>darlene</sem:object></sem:triple></triples><instance><content-type>application/EML</content-type><filter-capabilities>text subfiles HD-HTML</filter-capabilities><From>mark.taylor@enron.com</From><To>darlene.forsyth@enron.com</To><Subject>Re: Meeting- Canadian IDRs</Subject><Date>Tue, 1 Dec 1998 10:14:00 -0800 (PST)</Date><Message_ID>&lt;8455215.1075859875693.JavaMail.evans@thyme&gt;</Message_ID><size>3571</size><body xmlns="http://www.w3.org/1999/xhtml">
<p>

Both of those times work for me.




Darlene C Forsyth
12/01/98 02:47 PM
To: Darlene C Forsyth/HOU/ECT@ECT
cc: Peter Keohane/CAL/ECT@ECT, Laura E Scott/CAL/ECT@ECT, Juanita 
Ruffeno/HOU/ECT@ECT, Mark - ECT Legal Taylor/HOU/ECT@ECT, William S 
Bradford/HOU/ECT@ECT, Morris Richard Clark/HOU/ECT@ECT, Janet 
Dobernecker/HOU/ECT@ECT, Nella Cappelletto/CAL/ECT@ECT, Shirley 
Maddox/HOU/ECT@ECT 
Subject: Re: Meeting- Canadian IDRs  

As it turns out, this week will not work for several of you.  Please let me 
know about the following times:

Monday, Dec. 7th 2:00-4:00 p.m.
Tuesday, Dec. 8th 2:00-4:00 p.m.

Thanks,

Darlene




Darlene C Forsyth
12/01/98 10:58 AM
To: Darlene C Forsyth/HOU/ECT@ECT
cc: Peter Keohane/CAL/ECT@ECT, Laura E Scott/CAL/ECT@ECT, Juanita 
Ruffeno/HOU/ECT@ECT, Mark - ECT Legal Taylor/HOU/ECT@ECT, William S 
Bradford/HOU/ECT@ECT, Morris Richard Clark/HOU/ECT@ECT, Janet 
Dobernecker/HOU/ECT@ECT, Nella Cappelletto/CAL/ECT@ECT, Shirley 
Maddox/HOU/ECT@ECT 
Subject: Re: Meeting- Canadian IDRs  


Please let me know if you are available this Thursday, 12/3 2:00-3:00 p.m. 
or  Friday. 12/4 1:30-2:30 p.m..  Thanks, Darlene



Darlene C Forsyth
12/01/98 10:36 AM
To: Peter Keohane/CAL/ECT@ECT, Laura E Scott/CAL/ECT@ECT, Juanita 
Ruffeno/HOU/ECT@ECT, Mark - ECT Legal Taylor/HOU/ECT@ECT, William S 
Bradford/HOU/ECT@ECT, Morris Richard Clark/HOU/ECT@ECT
cc: Janet Dobernecker/HOU/ECT@ECT, Nella Cappelletto/CAL/ECT@ECT, Shirley 
Maddox/HOU/ECT@ECT (bcc: Darlene C Forsyth/HOU/ECT)
Subject: Re: Meeting- Canadian IDRs  

Sorry for the confusion on this meeting, several were unavailable.  Please 
let me know if you are available this Thursday, 12/3 2:00-3:00 p.m. or  
Friday. 12/4 1:30-2:30 p.m..  Thanks, Darlene



Darlene C Forsyth
11/25/98 02:19 PM
To: Darlene C Forsyth/HOU/ECT@ECT
cc:  
Subject: Meeting- Canadian IDRs


---------------------- Forwarded by Darlene C Forsyth/HOU/ECT on 11/25/98 
02:19 PM ---------------------------


Darlene C Forsyth
11/25/98 02:19 PM
To: Peter Keohane/CAL/ECT@ECT, Laura E Scott/CAL/ECT@ECT, Juanita 
Ruffeno/HOU/ECT@ECT, Mark - ECT Legal Taylor/HOU/ECT@ECT, William S 
Bradford/HOU/ECT@ECT, Morris Richard Clark/HOU/ECT@ECT
cc: Janet Dobernecker/HOU/ECT@ECT 
Subject: Meeting- Canadian IDRs

Per the below, we need to schedule a meeting to discuss Canadian IDRs.  
Please let me know if you are available Monday, November 30th between 2:00 - 
4:00 p.m.  We need one hour.  

Thanks,

Darlene
---------------------- Forwarded by Darlene C Forsyth/HOU/ECT on 11/24/98 
09:20 AM ---------------------------
From: Morris Richard Clark on 11/23/98 06:07 PM
To: Darlene C Forsyth/HOU/ECT@ECT
cc: Jordan Mintz/HOU/ECT@ECT 
Subject: Meeting- Canadian IDRs

Darlene,

Can you please set up a meeting early next week to discuss the latest 
Canadian IDR.  The participants should be as follows:  Jordan, Peter Keohane 
(Calgary - via telephone), Laura Scott (Calgary - via telephone),Juanita 
Ruffino, Mark Taylor, Bill Bradford, and myself.   Thanks.

Jordan - by way of copy- should we invite Ed or Beth?

Thanks.

MRC















</p>
</body></instance></envelope>