<?xml version="1.0" encoding="UTF-8"?><envelope><headers><id>f41b828d-01db-4a11-bf89-de9110ba9735</id><date-metas><date>1998-12-04T18:05:00+01:00</date><year>1998</year></date-metas><tofrom-metas><email-from><email>mark.taylor@enron.com</email></email-from><firstname-from><firstname>mark</firstname></firstname-from><email-to><email>marc.r.cutler@bankamerica.com</email></email-to><firstname-to><firstname>marc</firstname></firstname-to></tofrom-metas></headers><triples><sem:triple xmlns:sem="http://marklogic.com/semantics"><sem:subject>mark.taylor@enron.com</sem:subject><sem:predicate>http://demo.marklogic.com#sendsTo</sem:predicate><sem:object>marc.r.cutler@bankamerica.com</sem:object></sem:triple><sem:triple xmlns:sem="http://marklogic.com/semantics"><sem:subject>mark</sem:subject><sem:predicate>http://demo.marklogic.com#speaksTo</sem:predicate><sem:object>marc</sem:object></sem:triple></triples><instance><content-type>application/EML</content-type><filter-capabilities>text subfiles HD-HTML</filter-capabilities><From>mark.taylor@enron.com</From><To>marc.r.cutler@bankamerica.com</To><Subject>Tomorrow night</Subject><Date>Fri, 4 Dec 1998 09:05:00 -0800 (PST)</Date><Message_ID>&lt;11900988.1075859875960.JavaMail.evans@thyme&gt;</Message_ID><size>529</size><body xmlns="http://www.w3.org/1999/xhtml">
<p>

Hey Marc - what time is your soiree tomorrow?
</p>
</body></instance></envelope>