<?xml version="1.0" encoding="UTF-8"?><envelope><headers><id>e6b26a8c-6109-4ba1-8e0d-14d4f98e2c14</id><date-metas><date>1998-10-30T18:06:00+01:00</date><year>1998</year></date-metas><tofrom-metas><email-from><email>mark.taylor@enron.com</email></email-from><firstname-from><firstname>mark</firstname></firstname-from><email-to><email>marc.r.cutler@bankamerica.com</email></email-to><firstname-to><firstname>marc</firstname></firstname-to></tofrom-metas></headers><triples><sem:triple xmlns:sem="http://marklogic.com/semantics"><sem:subject>mark.taylor@enron.com</sem:subject><sem:predicate>http://demo.marklogic.com#sendsTo</sem:predicate><sem:object>marc.r.cutler@bankamerica.com</sem:object></sem:triple><sem:triple xmlns:sem="http://marklogic.com/semantics"><sem:subject>mark</sem:subject><sem:predicate>http://demo.marklogic.com#speaksTo</sem:predicate><sem:object>marc</sem:object></sem:triple></triples><instance><content-type>application/EML</content-type><filter-capabilities>text subfiles HD-HTML</filter-capabilities><From>mark.taylor@enron.com</From><To>marc.r.cutler@bankamerica.com</To><Subject>Sailing</Subject><Date>Fri, 30 Oct 1998 09:06:00 -0800 (PST)</Date><Message_ID>&lt;32438032.1075859874943.JavaMail.evans@thyme&gt;</Message_ID><size>750</size><body xmlns="http://www.w3.org/1999/xhtml">
<p>

We're thinking about flying down to some nice sunny spot and renting 
("chartering" is the technical term) a boat for a week.  We've done this 
quite a few times in previous years: British Virgin Islands, Martinique, St. 
Lucia, St. Vincent &amp; the Grenadines, Grenada, etc.
</p>
</body></instance></envelope>