<?xml version="1.0" encoding="UTF-8"?><envelope><headers><id>93d4f1e7-7c87-4e8b-bbdf-d2450d95859c</id><date-metas><date>1998-12-14T10:19:00+01:00</date><year>1998</year></date-metas><tofrom-metas><email-from><email>mark.taylor@enron.com</email></email-from><firstname-from><firstname>mark</firstname></firstname-from><email-to><email>tbockius@aol.com</email></email-to><firstname-to/></tofrom-metas></headers><triples><sem:triple xmlns:sem="http://marklogic.com/semantics"><sem:subject>mark.taylor@enron.com</sem:subject><sem:predicate>http://demo.marklogic.com#sendsTo</sem:predicate><sem:object>tbockius@aol.com</sem:object></sem:triple></triples><instance><content-type>application/EML</content-type><filter-capabilities>text subfiles HD-HTML</filter-capabilities><From>mark.taylor@enron.com</From><To>tbockius@aol.com</To><Subject>Re: Christmas Trees and cats</Subject><Date>Mon, 14 Dec 1998 01:19:00 -0800 (PST)</Date><Message_ID>&lt;17571096.1075859876139.JavaMail.evans@thyme&gt;</Message_ID><size>1770</size><body xmlns="http://www.w3.org/1999/xhtml">
<p>

I tried.
---------------------- Forwarded by Mark - ECT Legal Taylor/HOU/ECT on 
12/14/98 09:19 AM ---------------------------
   
 Enron Capital &amp; Trade Resources Corp.
 
 From:  "P J Knop" &lt;knop@knop.org&gt;                           12/12/98 09:59 AM
 

To: Mark - ECT Legal Taylor/HOU/ECT
cc:  
Subject: Re: Christmas Trees and cats



I have had cats all my life and NEVER had this problem!!
    Will think on it as no immediate solution - perhaps some sort of net
tied under the lowest branches....but if she is clever she will probably try
to jump onto it at its outside edges...
             AT least there is one other member of the family who definitely
is having a merry Christmas!
       From all of us at Ticonderoga Farms.
-----Original Message-----
From: mtaylo1@ect.enron.com &lt;mtaylo1@ect.enron.com&gt;
To: farm@ticonderoga.com &lt;farm@ticonderoga.com&gt;
Date: Friday, December 11, 1998 6:56 PM
Subject: Christmas Trees and cats


&gt;Any suggestions on how to discourage the cat from climbing up inside the
&gt;Christmas tree?  Of course, we put the wooden and plastic ornaments on
&gt;the lower branches so they won't be damaged when the cat plays with them
&gt;but when she climbs up inside the tree the upper branches wave about and
&gt;I'm afraid the glass ornaments up there will be shaken off.
&gt;
&gt;


</p>
</body></instance></envelope>