<?xml version="1.0" encoding="UTF-8"?><envelope><headers><id>e8fc6cbf-6a2f-4373-a8b8-85474f1a29e6</id><date-metas><date>1998-12-16T12:07:00+01:00</date><year>1998</year></date-metas><tofrom-metas><email-from><email>mark.taylor@enron.com</email></email-from><firstname-from><firstname>mark</firstname></firstname-from><email-to><email>susan.flynn@enron.com</email></email-to><firstname-to><firstname>susan</firstname></firstname-to></tofrom-metas></headers><triples><sem:triple xmlns:sem="http://marklogic.com/semantics"><sem:subject>mark.taylor@enron.com</sem:subject><sem:predicate>http://demo.marklogic.com#sendsTo</sem:predicate><sem:object>susan.flynn@enron.com</sem:object></sem:triple><sem:triple xmlns:sem="http://marklogic.com/semantics"><sem:subject>mark</sem:subject><sem:predicate>http://demo.marklogic.com#speaksTo</sem:predicate><sem:object>susan</sem:object></sem:triple></triples><instance><content-type>application/EML</content-type><filter-capabilities>text subfiles HD-HTML</filter-capabilities><From>mark.taylor@enron.com</From><To>susan.flynn@enron.com</To><Subject>Elektro Letter : ECT and EI</Subject><Date>Wed, 16 Dec 1998 03:07:00 -0800 (PST)</Date><Message_ID>&lt;16583888.1075859876231.JavaMail.evans@thyme&gt;</Message_ID><size>2378</size><body xmlns="http://www.w3.org/1999/xhtml">
<p>

---------------------- Forwarded by Mark - ECT Legal Taylor/HOU/ECT on 
12/16/98 11:07 AM ---------------------------


Sara Shackleton
12/15/98 05:49 PM
To: Mark - ECT Legal Taylor/HOU/ECT@ECT, Susan Flynn/HOU/ECT@ECT
cc:  
Subject: Elektro Letter : ECT and EI


Attached is the latest redline draft of the letter to signed by ECT and EI.  
I have never received any comments from anyone.  Mark, you heard Ray Bowen's 
voice mail.  Thanks.  Sara
---------------------- Forwarded by Sara Shackleton/HOU/ECT on 12/15/98 05:44 
PM ---------------------------


Joyce Dorsey
12/15/98 04:24 PM
To: Raymond Bowen/HOU/ECT@ECT, Clement Lau/HOU/ECT@ECT, Chris 
Day/HOU/ECT@ECT, AnnMarie Tiller/Corp/Enron@Enron, James 
Ginty/Corp/Enron@Enron, Michael Herman/Corp/Enron@Enron, Kathy M 
Lynn/ENRON_DEVELOPMENT@ENRON_DEVELOPMENT, David 
Chang/ENRON_DEVELOPMENT@ENRON_DEVELOPMENT, Barry J 
Schnapper@ENRON_DEVELOPMENT, Mitch 
Taylor/ENRON_DEVELOPMENT@ENRON_DEVELOPMENT, Cassandra 
Schultz/ENRON_DEVELOPMENT@ENRON_DEVELOPMENT, Lynn 
Aven/ENRON_DEVELOPMENT@ENRON_DEVELOPMENT, Robert H 
George/ENRON_DEVELOPMENT@ENRON_DEVELOPMENT, Cliff 
Shedd/ENRON_DEVELOPMENT@ENRON_DEVELOPMENT, Sara Shackleton/HOU/ECT@ECT, 
Pushkar Shahi/HOU/ECT@ECT, Harry Arora/HOU/ECT@ECT, Kent 
Castleman/ENRON_DEVELOPMENT@ENRON_DEVELOPMENT, Edson 
Pavao/ENRON_DEVELOPMENT@ENRON_DEVELOPMENT, Nancy 
Muchmore/ENRON_DEVELOPMENT@ENRON_DEVELOPMENT, Michael D 
Jones/AA/Corp/Enron@Enron
cc:  
Subject: Samba Draft



---------------------- Forwarded by Joyce Dorsey/HOU/ECT on 12/15/98 04:23 PM 
---------------------------


Jenny Helton
12/15/98 03:04 PM
To: Kathy M Lynn/ENRON_DEVELOPMENT@ENRON_DEVELOPMENT, David 
Chang/ENRON_DEVELOPMENT@ENRON_DEVELOPMENT, Bob Bowen/HOU/ECT@ECT, Gareth 
Bahlmann/HOU/ECT@ECT
cc: Sara Shackleton/HOU/ECT@ECT 
Subject: Samba Draft


Attached in the redlined Samba Swap Draft from Sara Shackleton.

Thank you.








</p>
</body></instance></envelope>