<?xml version="1.0" encoding="UTF-8"?><envelope><headers><id>36d5d6e4-e09b-45d7-80a1-04ae74be6ff8</id><date-metas><date>1998-12-16T15:15:00+01:00</date><year>1998</year></date-metas><tofrom-metas><email-from><email>mark.taylor@enron.com</email></email-from><firstname-from><firstname>mark</firstname></firstname-from><email-to><email>susan.flynn@enron.com</email></email-to><firstname-to><firstname>susan</firstname></firstname-to></tofrom-metas></headers><triples><sem:triple xmlns:sem="http://marklogic.com/semantics"><sem:subject>mark.taylor@enron.com</sem:subject><sem:predicate>http://demo.marklogic.com#sendsTo</sem:predicate><sem:object>susan.flynn@enron.com</sem:object></sem:triple><sem:triple xmlns:sem="http://marklogic.com/semantics"><sem:subject>mark</sem:subject><sem:predicate>http://demo.marklogic.com#speaksTo</sem:predicate><sem:object>susan</sem:object></sem:triple></triples><instance><content-type>application/EML</content-type><filter-capabilities>text subfiles HD-HTML</filter-capabilities><From>mark.taylor@enron.com</From><To>susan.flynn@enron.com</To><Subject>Derivatives / Intercreditor Agreement Fax from Slaughter and May</Subject><Date>Wed, 16 Dec 1998 06:15:00 -0800 (PST)</Date><Message_ID>&lt;18050340.1075859876297.JavaMail.evans@thyme&gt;</Message_ID><size>1376</size><body xmlns="http://www.w3.org/1999/xhtml">
<p>

---------------------- Forwarded by Mark - ECT Legal Taylor/HOU/ECT on 
12/16/98 02:15 PM ---------------------------
   
 Enron Capital Management
 
 From:  Scott Pudenz                           12/16/98 01:33 PM
 

To: Soma Ghosh/LON/ECT@ECT, Paul Waine/LON/ECT@ECT, William S 
Bradford/HOU/ECT@ECT, Cynthia L Schneider/HOU/ECT@ECT, Mark - ECT Legal 
Taylor/HOU/ECT@ECT, Mark Evans/LON/ECT@ECT
cc: Mike Patrick/LON/ECT@ECT, Phillip D Lord/LON/ECT@ECT, Bobby 
Bajaj/LON/ECT@ECT 
Subject: Derivatives / Intercreditor Agreement Fax from Slaughter and May


---------------------- Forwarded by Scott Pudenz/LON/ECT on 16/12/98 19:30 
---------------------------


London Fax System
16/12/98 19:27
To: Scott Pudenz/LON/ECT@ECT
cc:  
Subject: New fax received from Slaughter and May


You have received a new fax from Slaughter and May

The image contains 7 page(s).




</p>
</body></instance></envelope>