<?xml version="1.0" encoding="UTF-8"?><envelope><headers><id>72ce7699-d72b-42b8-94cd-39aee37b2ba7</id><date-metas><date>1998-12-18T12:02:00+01:00</date><year>1998</year></date-metas><tofrom-metas><email-from><email>mark.taylor@enron.com</email></email-from><firstname-from><firstname>mark</firstname></firstname-from><email-to><email>tana.jones@enron.com</email></email-to><firstname-to><firstname>tana</firstname></firstname-to></tofrom-metas></headers><triples><sem:triple xmlns:sem="http://marklogic.com/semantics"><sem:subject>mark.taylor@enron.com</sem:subject><sem:predicate>http://demo.marklogic.com#sendsTo</sem:predicate><sem:object>tana.jones@enron.com</sem:object></sem:triple><sem:triple xmlns:sem="http://marklogic.com/semantics"><sem:subject>mark</sem:subject><sem:predicate>http://demo.marklogic.com#speaksTo</sem:predicate><sem:object>tana</sem:object></sem:triple></triples><instance><content-type>application/EML</content-type><filter-capabilities>text subfiles HD-HTML</filter-capabilities><From>mark.taylor@enron.com</From><To>tana.jones@enron.com</To><Subject>Re: Waste Managment Inc.</Subject><Date>Fri, 18 Dec 1998 03:02:00 -0800 (PST)</Date><Message_ID>&lt;29611526.1075859876428.JavaMail.evans@thyme&gt;</Message_ID><size>1807</size><body xmlns="http://www.w3.org/1999/xhtml">
<p>

Just for your background info, the other reason we use deemed ISDAs on the 
interest rate &amp; currency deals is that the omnibus was really drafted with 
commodity deals in mind.  I'd have to go back and look at it to see if it 
would work at all for an interest rate or currency deal.  Do you think I 
should do that?  Hopefully not or at least not til after 1/1.


   
 Enron Capital &amp; Trade Resources Corp.
 
 From:  Tana Jones                           12/16/98 06:58 PM
 

To: Dale Neuner/HOU/ECT@ECT
cc: Susan Flynn/HOU/ECT@ECT, Mark - ECT Legal Taylor/HOU/ECT@ECT 
Subject: Re: Waste Managment Inc.  

With respect to your request for a Deemed ISDA Confirm for the referenced 
counterparty, I checked with Yao, our paper guru, and he said there is no 
special reason or precedence for using the Deemed ISDA confirmations for the 
paper boys (unless maybe if they did a really long-dated trade).  He said we 
could go ahead and use the omnibus.  Just because we hope to sign an ISDA, 
doesn't necessarily mean we use the Deemed ISDA confirmations.  In practice, 
we tend to use the Deemed ISDA's for international counterparties, for the 
interest rate and currency desk (because a lot of their counterparties are 
banks and dealers and more familiar with the ISDA's, unlike our energy 
counterparties).

Call me with any questions...


</p>
</body></instance></envelope>