<?xml version="1.0" encoding="UTF-8"?><envelope><headers><id>61644f00-b2ff-4ede-82b7-64e28849f95a</id><date-metas><date>1998-12-21T10:24:00+01:00</date><year>1998</year></date-metas><tofrom-metas><email-from><email>mark.taylor@enron.com</email></email-from><firstname-from><firstname>mark</firstname></firstname-from><email-to><email>janet.dobernecker@enron.com</email></email-to><firstname-to><firstname>janet</firstname></firstname-to></tofrom-metas></headers><triples><sem:triple xmlns:sem="http://marklogic.com/semantics"><sem:subject>mark.taylor@enron.com</sem:subject><sem:predicate>http://demo.marklogic.com#sendsTo</sem:predicate><sem:object>janet.dobernecker@enron.com</sem:object></sem:triple><sem:triple xmlns:sem="http://marklogic.com/semantics"><sem:subject>mark</sem:subject><sem:predicate>http://demo.marklogic.com#speaksTo</sem:predicate><sem:object>janet</sem:object></sem:triple></triples><instance><content-type>application/EML</content-type><filter-capabilities>text subfiles HD-HTML</filter-capabilities><From>mark.taylor@enron.com</From><To>janet.dobernecker@enron.com</To><Subject>Power River</Subject><Date>Mon, 21 Dec 1998 01:24:00 -0800 (PST)</Date><Message_ID>&lt;23544858.1075859876497.JavaMail.evans@thyme&gt;</Message_ID><size>2540</size><body xmlns="http://www.w3.org/1999/xhtml">
<p>

A couple more to print, please.
---------------------- Forwarded by Mark - ECT Legal Taylor/HOU/ECT on 
12/21/98 09:24 AM ---------------------------


Sara Shackleton
12/18/98 07:34 PM
To: Mark - ECT Legal Taylor/HOU/ECT@ECT
cc:  
Subject: Power River

I just finished speaking with Danny Sullivan.  He understands that I have not 
reviewed these transactions; that's fine.  He's not certain when these are 
closing but probably after X-mas.  Please don't feel bound by this 
documentation because it's a "continuation" of the former BTI transaction.  
Even Sarlux/Trakya have some modifications.  Thanks.  SS
---------------------- Forwarded by Sara Shackleton/HOU/ECT on 12/18/98 07:32 
PM ---------------------------
   
 Enron Capital &amp; Trade Resources Corp.
 
 From:  dallas2@andrews-kurth.com                           12/18/98 01:46 PM
 

To: Brian Bierbach/DEN/ECT, Carol St Clair/HOU/ECT, lbills@exchange.ml.com, 
lcarrero@wbam.com, Lawrence Lawyer/HOU/ECT, 
clint.carlin@us.arthurandersen.com, Peter del Vecchio/HOU/ECT, Rhett 
Jackson/HOU/ECT, Shonnie Daniel/HOU/ECT, Stephen H Douglas/HOU/ECT, Sara 
Shackleton/HOU/ECT, Stephen W Van Hooser/HOU/ECT
cc: dbarbour@andrews-kurth.com, tpopplewell@andrews-kurth.com, 
psargent@andrews-kurth.com, robtaylor@andrews-kurth.com 
Subject: Power River



Please find attached redrafts of the swap confirm and swap schedule,
with changes marked from the last drafts.

Please note that Enron's obligations to pay principal under the swap
should terminate in the event of a transfer to a third party under section
5.05 of the sale and option agreement before the expiry of the option
period. This is because the third party will not be obliged to swap the
proceeds of sale it receives from PR-C in the event that the option is
exercised. See section 3.3 of the schedule.

Also, the definition of Payments Received may need to be changed once
the flow of funds in the indenture and trust agreement have been
finalized.

Please call me on 214 659 4403 if you have any questions.

Danny Sullivan
 - 160401.WPD
 - 160404.WPD



</p>
</body></instance></envelope>