<?xml version="1.0" encoding="UTF-8"?><envelope><headers><id>6576ebaa-833d-459e-9966-3a6fd412d4f5</id><date-metas><date>1998-12-21T12:40:00+01:00</date><year>1998</year></date-metas><tofrom-metas><email-from><email>mark.taylor@enron.com</email></email-from><firstname-from><firstname>mark</firstname></firstname-from><email-to><email>janelle.scheuer@enron.com</email></email-to><firstname-to><firstname>janelle</firstname></firstname-to></tofrom-metas></headers><triples><sem:triple xmlns:sem="http://marklogic.com/semantics"><sem:subject>mark.taylor@enron.com</sem:subject><sem:predicate>http://demo.marklogic.com#sendsTo</sem:predicate><sem:object>janelle.scheuer@enron.com</sem:object></sem:triple><sem:triple xmlns:sem="http://marklogic.com/semantics"><sem:subject>mark</sem:subject><sem:predicate>http://demo.marklogic.com#speaksTo</sem:predicate><sem:object>janelle</sem:object></sem:triple></triples><instance><content-type>application/EML</content-type><filter-capabilities>text subfiles HD-HTML</filter-capabilities><From>mark.taylor@enron.com</From><To>janelle.scheuer@enron.com</To><Subject>Re: Memo to Exchange to transfer positions</Subject><Date>Mon, 21 Dec 1998 03:40:00 -0800 (PST)</Date><Message_ID>&lt;22616458.1075859876540.JavaMail.evans@thyme&gt;</Message_ID><size>591</size><body xmlns="http://www.w3.org/1999/xhtml">
<p>

Here is a draft letter to the Exchange requesting permission to effect the 
Seagull transfer.  
</p>
</body></instance></envelope>