<?xml version="1.0" encoding="UTF-8"?><envelope><headers><id>e5287691-d57b-44c3-8380-2980feec96db</id><date-metas><date>1998-12-21T14:29:00+01:00</date><year>1998</year></date-metas><tofrom-metas><email-from><email>michelle.cash@enron.com</email></email-from><firstname-from><firstname>michelle</firstname></firstname-from><email-to><email>brent.hendry@enron.com</email></email-to><firstname-to><firstname>brent</firstname></firstname-to></tofrom-metas></headers><triples><sem:triple xmlns:sem="http://marklogic.com/semantics"><sem:subject>michelle.cash@enron.com</sem:subject><sem:predicate>http://demo.marklogic.com#sendsTo</sem:predicate><sem:object>brent.hendry@enron.com</sem:object></sem:triple><sem:triple xmlns:sem="http://marklogic.com/semantics"><sem:subject>michelle</sem:subject><sem:predicate>http://demo.marklogic.com#speaksTo</sem:predicate><sem:object>brent</sem:object></sem:triple></triples><instance><content-type>application/EML</content-type><filter-capabilities>text subfiles HD-HTML</filter-capabilities><From>michelle.cash@enron.com</From><To>brent.hendry@enron.com</To><CC>mark.taylor@enron.com</CC><BCC>mark.taylor@enron.com</BCC><Subject>Indemnification Agreement</Subject><Date>Mon, 21 Dec 1998 05:29:00 -0800 (PST)</Date><Message_ID>&lt;10214066.1075859876562.JavaMail.evans@thyme&gt;</Message_ID><size>1124</size><body xmlns="http://www.w3.org/1999/xhtml">
<p>

Brent,

Attached is a form indemnification agreement that has been approved for use 
by officers and directors in foreign countries.  This form has been used by 
Enron entities in the past.

Please call me if you have any questions.

Michelle Cash


---------------------- Forwarded by Michelle Cash/HOU/ECT on 12/21/98 01:23 
PM ---------------------------


Ava Syon@ENRON
12/14/98 09:35 AM
To: Michelle Cash/HOU/ECT@ECT
cc: Twanda Sweet/HOU/ECT@ECT 
Subject: Indemnification Agreement

Michelle,

 Sharon asked me to e-mail the attached Indemnification Agreement to you.


Ava



</p>
</body></instance></envelope>