<?xml version="1.0" encoding="UTF-8"?><envelope><headers><id>2d251f76-fb68-4932-afd8-3f315e9ba5bc</id><date-metas><date>1998-12-23T11:19:00+01:00</date><year>1998</year></date-metas><tofrom-metas><email-from><email>mark.taylor@enron.com</email></email-from><firstname-from><firstname>mark</firstname></firstname-from><email-to><email>george.gilbert@enron.com</email></email-to><firstname-to><firstname>george</firstname></firstname-to></tofrom-metas></headers><triples><sem:triple xmlns:sem="http://marklogic.com/semantics"><sem:subject>mark.taylor@enron.com</sem:subject><sem:predicate>http://demo.marklogic.com#sendsTo</sem:predicate><sem:object>george.gilbert@enron.com</sem:object></sem:triple><sem:triple xmlns:sem="http://marklogic.com/semantics"><sem:subject>mark</sem:subject><sem:predicate>http://demo.marklogic.com#speaksTo</sem:predicate><sem:object>george</sem:object></sem:triple></triples><instance><content-type>application/EML</content-type><filter-capabilities>text subfiles HD-HTML</filter-capabilities><From>mark.taylor@enron.com</From><To>george.gilbert@enron.com</To><Subject>Re: Memo to Exchange to transfer positions</Subject><Date>Wed, 23 Dec 1998 02:19:00 -0800 (PST)</Date><Message_ID>&lt;25631176.1075859876678.JavaMail.evans@thyme&gt;</Message_ID><size>1014</size><body xmlns="http://www.w3.org/1999/xhtml">
<p>

---------------------- Forwarded by Mark - ECT Legal Taylor/HOU/ECT on 
12/23/98 10:19 AM ---------------------------
To: Fred Lagrasta/HOU/ECT@ECT
cc:  
Subject: Re: Memo to Exchange to transfer positions


---------------------- Forwarded by Mark - ECT Legal Taylor/HOU/ECT on 
12/21/98 04:50 PM ---------------------------
To: Janelle Scheuer/HOU/ECT@ECT
cc:  
Subject: Re: Memo to Exchange to transfer positions  

Here is a draft letter to the Exchange requesting permission to effect the 
Seagull transfer.  





</p>
</body></instance></envelope>