<?xml version="1.0" encoding="UTF-8"?><envelope><headers><id>c30eb7d9-e879-43bd-abcb-76428984841a</id><date-metas><date>1998-11-13T13:07:00+01:00</date><year>1998</year></date-metas><tofrom-metas><email-from><email>mark.taylor@enron.com</email></email-from><firstname-from><firstname>mark</firstname></firstname-from><email-to><email>tana.jones@enron.com</email></email-to><firstname-to><firstname>tana</firstname></firstname-to></tofrom-metas></headers><triples><sem:triple xmlns:sem="http://marklogic.com/semantics"><sem:subject>mark.taylor@enron.com</sem:subject><sem:predicate>http://demo.marklogic.com#sendsTo</sem:predicate><sem:object>tana.jones@enron.com</sem:object></sem:triple><sem:triple xmlns:sem="http://marklogic.com/semantics"><sem:subject>mark</sem:subject><sem:predicate>http://demo.marklogic.com#speaksTo</sem:predicate><sem:object>tana</sem:object></sem:triple></triples><instance><content-type>application/EML</content-type><filter-capabilities>text subfiles HD-HTML</filter-capabilities><From>mark.taylor@enron.com</From><To>tana.jones@enron.com</To><Subject>Cd$ CME letter</Subject><Date>Fri, 13 Nov 1998 04:07:00 -0800 (PST)</Date><Message_ID>&lt;12505368.1075859875179.JavaMail.evans@thyme&gt;</Message_ID><size>939</size><body xmlns="http://www.w3.org/1999/xhtml">
<p>

This may prove helpful.
---------------------- Forwarded by Mark - ECT Legal Taylor/HOU/ECT on 
11/13/98 12:07 PM ---------------------------
To: Mark - ECT Legal Taylor/HOU/ECT@ECT
cc: Gary Hickerson/HOU/ECT@ECT 
Subject: Cd$ CME letter



Mark

Gary has asked me to send you a short description of why we have executed all 
those CD contracts at the Chicago Merc
Find enclosed a short explanation note.  If you have any questions, feel free 
to give  me a call at 36750



Harry 
</p>
</body></instance></envelope>