<?xml version="1.0" encoding="UTF-8"?><envelope><headers><id>3a0d4b64-2361-4470-bc47-c4aee91d50b0</id><date-metas><date>1998-11-19T17:24:00+01:00</date><year>1998</year></date-metas><tofrom-metas><email-from><email>mark.taylor@enron.com</email></email-from><firstname-from><firstname>mark</firstname></firstname-from><email-to><email>brent.hendry@enron.com</email></email-to><firstname-to><firstname>brent</firstname></firstname-to></tofrom-metas></headers><triples><sem:triple xmlns:sem="http://marklogic.com/semantics"><sem:subject>mark.taylor@enron.com</sem:subject><sem:predicate>http://demo.marklogic.com#sendsTo</sem:predicate><sem:object>brent.hendry@enron.com</sem:object></sem:triple><sem:triple xmlns:sem="http://marklogic.com/semantics"><sem:subject>mark</sem:subject><sem:predicate>http://demo.marklogic.com#speaksTo</sem:predicate><sem:object>brent</sem:object></sem:triple></triples><instance><content-type>application/EML</content-type><filter-capabilities>text subfiles HD-HTML</filter-capabilities><From>mark.taylor@enron.com</From><To>brent.hendry@enron.com</To><CC>michelle.cash@enron.com</CC><BCC>michelle.cash@enron.com</BCC><Subject>Re: Indemnification</Subject><Date>Thu, 19 Nov 1998 08:24:00 -0800 (PST)</Date><Message_ID>&lt;26306268.1075859875346.JavaMail.evans@thyme&gt;</Message_ID><size>827</size><body xmlns="http://www.w3.org/1999/xhtml">
<p>

Michelle is going to discuss this with Sharon Butcher (an outside labor 
lawyer we use).  Apparently there is some corporate policy against 
indemnifying employees but she understands there may be a distinction here 
due to the nature of Argentine law in the area.   We'll keep you posted.
</p>
</body></instance></envelope>