<?xml version="1.0" encoding="UTF-8"?><envelope><headers><id>5eb41c52-4e4a-4efd-800d-f50daef1d51e</id><date-metas><date>1998-11-19T19:46:00+01:00</date><year>1998</year></date-metas><tofrom-metas><email-from><email>mark.taylor@enron.com</email></email-from><firstname-from><firstname>mark</firstname></firstname-from></tofrom-metas></headers><triples/><instance><content-type>application/EML</content-type><filter-capabilities>text subfiles HD-HTML</filter-capabilities><From>mark.taylor@enron.com</From><Subject>Re: Fax re Martindale-Hubbell listing</Subject><Date>Thu, 19 Nov 1998 10:46:00 -0800 (PST)</Date><Message_ID>&lt;16259115.1075859875367.JavaMail.evans@thyme&gt;</Message_ID><size>1246</size><body xmlns="http://www.w3.org/1999/xhtml">
<p>

I understand that Robin Jordan has taken care of this in my absence.  If you 
still need anything from me, please let me know.

Mark


From: Sara Davidson@ENRON on 11/18/98 01:21 PM
To: Mark - ECT Legal Taylor@ECT
cc: Elizabeth J Labanowski 
Subject: Fax re Martindale-Hubbell listing


Just to clarify what I need from you:

1.  Make any changes for the folks in your group, ECT-Financial Trading, on 
the list I sent you, including e-mail addresses; and

2.  Have any NEW attorneys (Mark Elliott, Elizabeth Sager, Paul Simons and 
Shari Stack) fill out the Professional Biographies Form (attached to the back 
of the fax I sent yesterday); and

3.  Return any changes and Professional Biographies forms to me (Room 4804a) 
no later than Tuesday, December 1, 1998.

Thanks!

Sara



</p>
</body></instance></envelope>