<?xml version="1.0" encoding="UTF-8"?><envelope><headers><id>1842cfda-73a1-4ce6-85c3-fe29527f597c</id><date-metas><date>1998-11-19T19:58:00+01:00</date><year>1998</year></date-metas><tofrom-metas><email-from><email>mark.taylor@enron.com</email></email-from><firstname-from><firstname>mark</firstname></firstname-from><email-to><email>anita.fam@enron.com</email></email-to><firstname-to><firstname>anita</firstname></firstname-to></tofrom-metas></headers><triples><sem:triple xmlns:sem="http://marklogic.com/semantics"><sem:subject>mark.taylor@enron.com</sem:subject><sem:predicate>http://demo.marklogic.com#sendsTo</sem:predicate><sem:object>anita.fam@enron.com</sem:object></sem:triple><sem:triple xmlns:sem="http://marklogic.com/semantics"><sem:subject>mark</sem:subject><sem:predicate>http://demo.marklogic.com#speaksTo</sem:predicate><sem:object>anita</sem:object></sem:triple></triples><instance><content-type>application/EML</content-type><filter-capabilities>text subfiles HD-HTML</filter-capabilities><From>mark.taylor@enron.com</From><To>anita.fam@enron.com</To><Subject>LNG hedging for China</Subject><Date>Thu, 19 Nov 1998 10:58:00 -0800 (PST)</Date><Message_ID>&lt;33222700.1075859875389.JavaMail.evans@thyme&gt;</Message_ID><size>2482</size><body xmlns="http://www.w3.org/1999/xhtml">
<p>

Anita:

I seem to remember that our traders in Singapore did a deal with a PRC 
company a while back and it was our conclusion at the time that it was a very 
dangerous (perhaps unenforceable) thing to do.  My vague memory is that only 
financial institutions could enter into derivatives in the PRC and even then 
there was invariably a sovereign immunity risk.  Do you remember this and can 
you refresh my recollection?

Mark
---------------------- Forwarded by Mark - ECT Legal Taylor/HOU/ECT on 
11/19/98 06:55 PM ---------------------------
From: Heather J Mitchell AT ENRON_DEVELOPMENT@CCMAIL on 11/09/98 04:50 PM
To: Mark - ECT Legal Taylor@ECT
cc: Doug Leach@ECT, "Margarita G Jannasch/ENRON_DEVELOPMENT" AT 
ENRON_DEVELOPMENT@CCMAIL 
Subject: LNG hedging for China




Mark,

Cynthia Scneider recommended I check with you on the ability of Chinese 
government-owned entities to enter into derivative contracts with Enron.  Has 
ECT done any research on China?  Please see the e-mail below for details on 
counterparty, size, term, etc.

Thanks,
Heather Mitchell
---------------------- Forwarded by Heather J Mitchell/ENRON_DEVELOPMENT on
11/09/98 04:42 PM ---------------------------


Heather J Mitchell
11/05/98 03:36 PM

To:   Cynthia L Schneider@ENRON_DEVELOPMENT
cc:   Doug Leach@ENRON_DEVELOPMENT
Subject:  LNG hedging for China

Cynthia,

The EI LNG Group is looking at providing LNG price risk management for China. 
Could you please confirm whether China National Oil Company (Corp.?) and 
China State Power Corp. are creditworthy counterparties?  Before Doug and I 
talk to the traders I want to see whether we would even be willing to sell 
LNG risk management to them.

The structure the group is most likely interested in is 500,000 MT to 
1,000,000 MT per year for five to 20 years (depending on what our traders are 
comfortable with).  I imagine the Chinese would be interested in a cap or 
collar, and not a fixed price.

What other info do you need for a quick estimate?

Thanks,
Heather





</p>
</body></instance></envelope>