<?xml version="1.0" encoding="UTF-8"?><envelope><headers><id>06b69d26-aae5-49da-ae1c-ff41cf05ac09</id><date-metas><date>1998-10-30T16:56:00+01:00</date><year>1998</year></date-metas><tofrom-metas><email-from><email>mark.taylor@enron.com</email></email-from><firstname-from><firstname>mark</firstname></firstname-from><email-to><email>marc.r.cutler@bankamerica.com</email></email-to><firstname-to><firstname>marc</firstname></firstname-to></tofrom-metas></headers><triples><sem:triple xmlns:sem="http://marklogic.com/semantics"><sem:subject>mark.taylor@enron.com</sem:subject><sem:predicate>http://demo.marklogic.com#sendsTo</sem:predicate><sem:object>marc.r.cutler@bankamerica.com</sem:object></sem:triple><sem:triple xmlns:sem="http://marklogic.com/semantics"><sem:subject>mark</sem:subject><sem:predicate>http://demo.marklogic.com#speaksTo</sem:predicate><sem:object>marc</sem:object></sem:triple></triples><instance><content-type>application/EML</content-type><filter-capabilities>text subfiles HD-HTML</filter-capabilities><From>mark.taylor@enron.com</From><To>marc.r.cutler@bankamerica.com</To><Subject>Re: Friday</Subject><Date>Fri, 30 Oct 1998 07:56:00 -0800 (PST)</Date><Message_ID>&lt;23197192.1075859874899.JavaMail.evans@thyme&gt;</Message_ID><size>614</size><body xmlns="http://www.w3.org/1999/xhtml">
<p>

Hey Marc - any chance you guys might like to join us on a one week sailing 
vacation in the Caribbean early next year (Feb or March)?
</p>
</body></instance></envelope>