<?xml version="1.0" encoding="UTF-8"?><envelope><headers><id>fe721cf8-e36b-47f3-9c5c-fd79d5960646</id><date-metas><date>1998-12-09T11:09:00+01:00</date><year>1998</year></date-metas><tofrom-metas><email-from><email>mark.taylor@enron.com</email></email-from><firstname-from><firstname>mark</firstname></firstname-from><email-to><email>paul.simons@enron.com</email></email-to><firstname-to><firstname>paul</firstname></firstname-to></tofrom-metas></headers><triples><sem:triple xmlns:sem="http://marklogic.com/semantics"><sem:subject>mark.taylor@enron.com</sem:subject><sem:predicate>http://demo.marklogic.com#sendsTo</sem:predicate><sem:object>paul.simons@enron.com</sem:object></sem:triple><sem:triple xmlns:sem="http://marklogic.com/semantics"><sem:subject>mark</sem:subject><sem:predicate>http://demo.marklogic.com#speaksTo</sem:predicate><sem:object>paul</sem:object></sem:triple></triples><instance><content-type>application/EML</content-type><filter-capabilities>text subfiles HD-HTML</filter-capabilities><From>mark.taylor@enron.com</From><To>paul.simons@enron.com</To><Subject>Re: Proposed Web Site</Subject><Date>Wed, 9 Dec 1998 02:09:00 -0800 (PST)</Date><Message_ID>&lt;31627491.1075859876074.JavaMail.evans@thyme&gt;</Message_ID><size>575</size><body xmlns="http://www.w3.org/1999/xhtml">
<p>

I've been through both documents and can not find my comments.  I wonder if 
there is a later draft somewhere?
</p>
</body></instance></envelope>