<?xml version="1.0" encoding="UTF-8"?><envelope><headers><id>1868839f-f083-4058-957c-9d7158f0a3ae</id><date-metas><date>1998-12-11T17:42:00+01:00</date><year>1998</year></date-metas><tofrom-metas><email-from><email>mark.taylor@enron.com</email></email-from><firstname-from><firstname>mark</firstname></firstname-from><email-to><email>marc.r.cutler@bankamerica.com</email></email-to><firstname-to><firstname>marc</firstname></firstname-to></tofrom-metas></headers><triples><sem:triple xmlns:sem="http://marklogic.com/semantics"><sem:subject>mark.taylor@enron.com</sem:subject><sem:predicate>http://demo.marklogic.com#sendsTo</sem:predicate><sem:object>marc.r.cutler@bankamerica.com</sem:object></sem:triple><sem:triple xmlns:sem="http://marklogic.com/semantics"><sem:subject>mark</sem:subject><sem:predicate>http://demo.marklogic.com#speaksTo</sem:predicate><sem:object>marc</sem:object></sem:triple></triples><instance><content-type>application/EML</content-type><filter-capabilities>text subfiles HD-HTML</filter-capabilities><From>mark.taylor@enron.com</From><To>marc.r.cutler@bankamerica.com</To><Subject>Dinner tonight?</Subject><Date>Fri, 11 Dec 1998 08:42:00 -0800 (PST)</Date><Message_ID>&lt;4690720.1075859876117.JavaMail.evans@thyme&gt;</Message_ID><size>634</size><body xmlns="http://www.w3.org/1999/xhtml">
<p>

Hey guy - Ted's going swimming &amp; can be there a little after after 8:30 - 
I'll be at the gym until 8.  Any chance that would fit into your schedule?
</p>
</body></instance></envelope>