<?xml version="1.0" encoding="UTF-8"?><envelope><headers><id>48a9a51e-9668-4448-b908-4d981111b649</id><date-metas><date>1998-12-16T19:55:00+01:00</date><year>1998</year></date-metas><tofrom-metas><email-from><email>mark.taylor@enron.com</email></email-from><firstname-from><firstname>mark</firstname></firstname-from><email-to><email>susan.flynn@enron.com</email></email-to><firstname-to><firstname>susan</firstname></firstname-to></tofrom-metas></headers><triples><sem:triple xmlns:sem="http://marklogic.com/semantics"><sem:subject>mark.taylor@enron.com</sem:subject><sem:predicate>http://demo.marklogic.com#sendsTo</sem:predicate><sem:object>susan.flynn@enron.com</sem:object></sem:triple><sem:triple xmlns:sem="http://marklogic.com/semantics"><sem:subject>mark</sem:subject><sem:predicate>http://demo.marklogic.com#speaksTo</sem:predicate><sem:object>susan</sem:object></sem:triple></triples><instance><content-type>application/EML</content-type><filter-capabilities>text subfiles HD-HTML</filter-capabilities><From>mark.taylor@enron.com</From><To>susan.flynn@enron.com</To><Subject>Master Swap Agreement for HL&amp;P</Subject><Date>Wed, 16 Dec 1998 10:55:00 -0800 (PST)</Date><Message_ID>&lt;3299154.1075859876341.JavaMail.evans@thyme&gt;</Message_ID><size>956</size><body xmlns="http://www.w3.org/1999/xhtml">
<p>

FYI
---------------------- Forwarded by Mark - ECT Legal Taylor/HOU/ECT on 
12/16/98 06:55 PM ---------------------------
   
 Enron Capital &amp; Trade Resources Corp.
 
 From:  Dan J Hyvl                           12/16/98 05:09 PM
 

To: Mark - ECT Legal Taylor/HOU/ECT@ECT
cc: Jennifer Sabine/HOU/ECT@ECT 
Subject: Master Swap Agreement for HL&amp;P

Mark, Please forward the Master Swap Agreement to Jennifer Sabine for her 
further handling with her counterparty at HL&amp;P.  Thank you.
</p>
</body></instance></envelope>