<?xml version="1.0" encoding="UTF-8"?><envelope><headers><id>0a57ad1a-00b0-42bf-900d-96e0fbf4759d</id><date-metas><date>1998-12-17T16:20:00+01:00</date><year>1998</year></date-metas><tofrom-metas><email-from><email>mark.taylor@enron.com</email></email-from><firstname-from><firstname>mark</firstname></firstname-from><email-to><email>paul.simons@enron.com</email></email-to><firstname-to><firstname>paul</firstname></firstname-to></tofrom-metas></headers><triples><sem:triple xmlns:sem="http://marklogic.com/semantics"><sem:subject>mark.taylor@enron.com</sem:subject><sem:predicate>http://demo.marklogic.com#sendsTo</sem:predicate><sem:object>paul.simons@enron.com</sem:object></sem:triple><sem:triple xmlns:sem="http://marklogic.com/semantics"><sem:subject>mark</sem:subject><sem:predicate>http://demo.marklogic.com#speaksTo</sem:predicate><sem:object>paul</sem:object></sem:triple></triples><instance><content-type>application/EML</content-type><filter-capabilities>text subfiles HD-HTML</filter-capabilities><From>mark.taylor@enron.com</From><To>paul.simons@enron.com</To><Subject>European Reorganization</Subject><Date>Thu, 17 Dec 1998 07:20:00 -0800 (PST)</Date><Message_ID>&lt;16931272.1075859876384.JavaMail.evans@thyme&gt;</Message_ID><size>2504</size><body xmlns="http://www.w3.org/1999/xhtml">
<p>

Tana forwarded the following message on to me since she will be out of the 
office for the next week or so. 

We are not familiar with any of these companies or their activities or 
operations.  You might want to check with Kate Cole's office to see what she 
knows.
---------------------- Forwarded by Mark - ECT Legal Taylor/HOU/ECT on 
12/17/98 03:18 PM ---------------------------
   
 Enron Capital &amp; Trade Resources Corp.
 
 From:  Tana Jones                           12/17/98 01:04 PM
 

To: Mark - ECT Legal Taylor/HOU/ECT@ECT
cc:  
Subject: European Reorganization


---------------------- Forwarded by Tana Jones/HOU/ECT on 12/17/98 01:04 PM 
---------------------------


Paul Simons
12/17/98 12:29 PM
To: Edmund Cooper/LON/ECT@ECT
cc: Lin Richardson/LON/ECT@ECT, Kate Cole/Corp/Enron@Enron, Tana 
Jones/HOU/ECT@ECT, Scott Sefton/LON/ECT@ECT, Bob Carter/HOU/ECT@ECT 
Subject: European Reorganization

Ed

Please note that each of the following companies will be a new controller of 
EEFT as a result of the reorg:

Enron Power Trading Limited (UK)
Enron Europe Limited (UK)
Enron Europe LLC (US)
Enron Power Corp (US)
Enron Europe Inc  (US) - the new US holding company.

For each company we will need to find out the following info which will need 
to be notified to SFA:

1. Principal activities

2.  Date and place of incorporation and registered number

3.  Names of directors and their dates of birth

4.  Address of head/principal office and telephone number

5.  Regulatory Authorities or Exchanges in the UK or overseas of which the 
entity is or has been a member.

Most of this info is pretty basic, but I suspect 1 &amp;5 could be slightly 
tricky (for 1 we only need to list the principal activity or activities).

Lin, Kate and Tana: 2 of these entities are UK and 3 US incorporated. I'd be 
very grateful if you would assist Edmund in putting this information 
together. It will need to be filed with SFA (the UK regulator) at the 
beginning of next week.

Many thanks in advance for your assistance

Paul









</p>
</body></instance></envelope>