<?xml version="1.0" encoding="UTF-8"?><envelope><headers><id>921a69d1-92b5-4d92-b9a2-4bbe5f0dd706</id><date-metas><date>1998-12-18T12:10:00+01:00</date><year>1998</year></date-metas><tofrom-metas><email-from><email>mark.taylor@enron.com</email></email-from><firstname-from><firstname>mark</firstname></firstname-from><email-to><email>kay.young@enron.com</email></email-to><firstname-to><firstname>kay</firstname></firstname-to></tofrom-metas></headers><triples><sem:triple xmlns:sem="http://marklogic.com/semantics"><sem:subject>mark.taylor@enron.com</sem:subject><sem:predicate>http://demo.marklogic.com#sendsTo</sem:predicate><sem:object>kay.young@enron.com</sem:object></sem:triple><sem:triple xmlns:sem="http://marklogic.com/semantics"><sem:subject>mark</sem:subject><sem:predicate>http://demo.marklogic.com#speaksTo</sem:predicate><sem:object>kay</sem:object></sem:triple></triples><instance><content-type>application/EML</content-type><filter-capabilities>text subfiles HD-HTML</filter-capabilities><From>mark.taylor@enron.com</From><To>kay.young@enron.com</To><Subject>Re: Monthly Report</Subject><Date>Fri, 18 Dec 1998 03:10:00 -0800 (PST)</Date><Message_ID>&lt;1593581.1075859876449.JavaMail.evans@thyme&gt;</Message_ID><size>1080</size><body xmlns="http://www.w3.org/1999/xhtml">
<p>

Should I have received a copy already?  I don't remember seeing it.


Sent by: Kay Young
To: Alan B Aronowitz/HOU/ECT@ECT, Barbara N Gray/HOU/ECT@ECT, Stephen W Van 
Hooser/HOU/ECT@ECT, Jeffrey T Hodge/HOU/ECT@ECT, Kristina 
Mordaunt/HOU/ECT@ECT, Julia Murray/HOU/ECT@ECT, Richard B 
Sanders/HOU/ECT@ECT, Scott Sefton/LON/ECT@ECT, Mark - ECT Legal 
Taylor/HOU/ECT@ECT, Sheila Tweed/HOU/ECT@ECT
cc:  
Subject: Monthly Report

A reminder:  Please put your markups on  Robin's or  Erica's  today or early 
Monday a.m.  Both Robin and Erica are out of the office today, but plan to 
finish making changes Monday.

Thanks, Kay
</p>
</body></instance></envelope>