<?xml version="1.0" encoding="UTF-8"?><envelope><headers><id>db716c82-7355-435c-bb5b-ffb7ca42ae4e</id><date-metas><date>1998-12-23T16:36:00+01:00</date><year>1998</year></date-metas><tofrom-metas><email-from><email>mark.taylor@enron.com</email></email-from><firstname-from><firstname>mark</firstname></firstname-from><email-to><email>marc.r.cutler@bankamerica.com</email></email-to><firstname-to><firstname>marc</firstname></firstname-to></tofrom-metas></headers><triples><sem:triple xmlns:sem="http://marklogic.com/semantics"><sem:subject>mark.taylor@enron.com</sem:subject><sem:predicate>http://demo.marklogic.com#sendsTo</sem:predicate><sem:object>marc.r.cutler@bankamerica.com</sem:object></sem:triple><sem:triple xmlns:sem="http://marklogic.com/semantics"><sem:subject>mark</sem:subject><sem:predicate>http://demo.marklogic.com#speaksTo</sem:predicate><sem:object>marc</sem:object></sem:triple></triples><instance><content-type>application/EML</content-type><filter-capabilities>text subfiles HD-HTML</filter-capabilities><From>mark.taylor@enron.com</From><To>marc.r.cutler@bankamerica.com</To><Subject>Re: Dinner</Subject><Date>Wed, 23 Dec 1998 07:36:00 -0800 (PST)</Date><Message_ID>&lt;21067142.1075859876722.JavaMail.evans@thyme&gt;</Message_ID><size>654</size><body xmlns="http://www.w3.org/1999/xhtml">
<p>

Looks like Mr. B has a late swim practice tonight so we won't be at Adobe 
:-(.  Maybe next time.  If I don't see you, have a very merry one and let's 
talk next week.

mark
</p>
</body></instance></envelope>