<?xml version="1.0" encoding="UTF-8"?><envelope><headers><id>39fac79e-283a-483c-bf4b-d63c9aa8badd</id><date-metas><date>1998-12-30T16:37:00+01:00</date><year>1998</year></date-metas><tofrom-metas><email-from><email>mark.taylor@enron.com</email></email-from><firstname-from><firstname>mark</firstname></firstname-from><email-to><email>mkopinski@prodigy.net</email></email-to><firstname-to/></tofrom-metas></headers><triples><sem:triple xmlns:sem="http://marklogic.com/semantics"><sem:subject>mark.taylor@enron.com</sem:subject><sem:predicate>http://demo.marklogic.com#sendsTo</sem:predicate><sem:object>mkopinski@prodigy.net</sem:object></sem:triple></triples><instance><content-type>application/EML</content-type><filter-capabilities>text subfiles HD-HTML</filter-capabilities><From>mark.taylor@enron.com</From><To>mkopinski@prodigy.net</To><Subject>Re: address?!</Subject><Date>Wed, 30 Dec 1998 07:37:00 -0800 (PST)</Date><Message_ID>&lt;15124738.1075859876768.JavaMail.evans@thyme&gt;</Message_ID><size>1371</size><body xmlns="http://www.w3.org/1999/xhtml">
<p>

Hey Mark - I thought you had my new (as of July 1997) address - sorry about 
that.  I'm now at:

1322 Rutland
Houston, TX 77008

(713)863-7190 - home
(713)853-7459 - work

I heard about Mrs. Boone in the Scots News.  I thought it was a nice 
write-up.  The Boones were very special people and I regret extremely that I 
didn't get to know them better.

Hope you guys are doing well.  I was in NYC in Nov. but was so busy I didn't 
have time for visits or fun of any kind!  Hope to get back soon but there's 
nothing for NY on the calendar.  Probably DC early Jan., London late Jan. and 
Buenos Aires and Sao Paolo in Feb.  I saw the magazine article (with such 
good photos!) a couple of months back.  My mom actually called to tell me 
about it.

Did you guys get my Christmas card?  I thought Celena might get a kick out of 
it.  Tell Debbie &amp; Celena I said "Hi!" 

Take care,  Mark T.
</p>
</body></instance></envelope>