<?xml version="1.0" encoding="UTF-8"?><envelope><headers><id>dd7a05db-8517-46cf-9aa2-a7a3dab8cb7f</id><date-metas><date>1997-09-29T14:00:00+01:00</date><year>1997</year></date-metas><tofrom-metas><email-from><email>steven.kean@enron.com</email></email-from><firstname-from><firstname>steven</firstname></firstname-from></tofrom-metas></headers><triples/><instance><content-type>application/EML</content-type><filter-capabilities>text subfiles HD-HTML</filter-capabilities><From>steven.kean@enron.com</From><Subject>Dan Allegretti's CT restructuring school in Houston -</Subject><Date>Mon, 29 Sep 1997 06:00:00 -0700 (PDT)</Date><Message_ID>&lt;25656274.1075848071696.JavaMail.evans@thyme&gt;</Message_ID><size>507</size><body xmlns="http://www.w3.org/1999/xhtml">
<p>

You are invited to join them for lunch.
1:00 - 2:00
</p>
</body></instance></envelope>