<?xml version="1.0" encoding="UTF-8"?><envelope><headers><id>becfe9b4-573e-4a3d-8f0f-750432167b5b</id><date-metas><date>1997-10-22T08:30:00+01:00</date><year>1997</year></date-metas><tofrom-metas><email-from><email>steven.kean@enron.com</email></email-from><firstname-from><firstname>steven</firstname></firstname-from></tofrom-metas></headers><triples/><instance><content-type>application/EML</content-type><filter-capabilities>text subfiles HD-HTML</filter-capabilities><From>steven.kean@enron.com</From><Subject>Western Interstate Energy Board</Subject><Date>Wed, 22 Oct 1997 00:30:00 -0700 (PDT)</Date><Message_ID>&lt;18895047.1075848071833.JavaMail.evans@thyme&gt;</Message_ID><size>499</size><body xmlns="http://www.w3.org/1999/xhtml">
<p>

Committee on Regional Electric Power Cooperation,   

in Tempe, AZ
</p>
</body></instance></envelope>