<?xml version="1.0" encoding="UTF-8"?><envelope><headers><id>45a0cdec-bfce-4745-b72c-dbf327ab3469</id><date-metas><date>1997-04-10T10:30:00+01:00</date><year>1997</year></date-metas><tofrom-metas><email-from><email>steven.kean@enron.com</email></email-from><firstname-from><firstname>steven</firstname></firstname-from></tofrom-metas></headers><triples/><instance><content-type>application/EML</content-type><filter-capabilities>text subfiles HD-HTML</filter-capabilities><From>steven.kean@enron.com</From><Subject>US Conference of Mayors, and Association of Counties - InWashington DC</Subject><Date>Thu, 10 Apr 1997 02:30:00 -0700 (PDT)</Date><Message_ID>&lt;2162577.1075848069681.JavaMail.evans@thyme&gt;</Message_ID><size>933</size><body xmlns="http://www.w3.org/1999/xhtml">
<p>

Vista Hotel,1400 M Street

202-429-1799
202-728-0530

Panel discussion - Bill Darcy is the other panelist, will give overview and 
do a defensive speech.  You can discuss opportunities and give offensive 
speech.  He doesn't know how many people to expect, but will introduce you to 
some of the big people there.  He'll be passing out an outline of his point 
of view; you can use overheads, handouts, whatever you like.  Time is not yet 
set.


**CANCELLED**
</p>
</body></instance></envelope>