<?xml version="1.0" encoding="UTF-8"?><envelope><headers><id>5334aa82-0db2-4e0d-96b3-d711b99228cb</id><date-metas><date>1997-05-01T09:00:00+01:00</date><year>1997</year></date-metas><tofrom-metas><email-from><email>steven.kean@enron.com</email></email-from><firstname-from><firstname>steven</firstname></firstname-from></tofrom-metas></headers><triples/><instance><content-type>application/EML</content-type><filter-capabilities>text subfiles HD-HTML</filter-capabilities><From>steven.kean@enron.com</From><Subject>Hold for Cynthia - possible meeting with Erskine Bowles (with Dr.Lay) and others</Subject><Date>Thu, 1 May 1997 01:00:00 -0700 (PDT)</Date><Message_ID>&lt;17427073.1075848069884.JavaMail.evans@thyme&gt;</Message_ID><size>495</size><body xmlns="http://www.w3.org/1999/xhtml">
<p>

Dept of ag


</p>
</body></instance></envelope>