<?xml version="1.0" encoding="UTF-8"?><envelope><headers><id>f790e9f0-dc4f-4853-ab82-1952da33cb63</id><date-metas><date>1997-05-28T09:00:00+01:00</date><year>1997</year></date-metas><tofrom-metas><email-from><email>steven.kean@enron.com</email></email-from><firstname-from><firstname>steven</firstname></firstname-from></tofrom-metas></headers><triples/><instance><content-type>application/EML</content-type><filter-capabilities>text subfiles HD-HTML</filter-capabilities><From>steven.kean@enron.com</From><Subject>New York with Mark Koenig.</Subject><Date>Wed, 28 May 1997 01:00:00 -0700 (PDT)</Date><Message_ID>&lt;373965.1075848070048.JavaMail.evans@thyme&gt;</Message_ID><size>502</size><body xmlns="http://www.w3.org/1999/xhtml">
<p>

Joanie is booking a dinner in NY for this night.




9:00 shuttle to DC
</p>
</body></instance></envelope>