<?xml version="1.0" encoding="UTF-8"?><envelope><headers><id>8ee1136c-b9da-43d5-b386-205d3207cd5e</id><date-metas><date>1997-06-12T09:00:00+01:00</date><year>1997</year></date-metas><tofrom-metas><email-from><email>steven.kean@enron.com</email></email-from><firstname-from><firstname>steven</firstname></firstname-from></tofrom-metas></headers><triples/><instance><content-type>application/EML</content-type><filter-capabilities>text subfiles HD-HTML</filter-capabilities><From>steven.kean@enron.com</From><Subject>Sandy Fain</Subject><Date>Thu, 12 Jun 1997 01:00:00 -0700 (PDT)</Date><Message_ID>&lt;25515522.1075848070164.JavaMail.evans@thyme&gt;</Message_ID><size>429</size><body xmlns="http://www.w3.org/1999/xhtml">
<p>

Randy Rich in town
</p>
</body></instance></envelope>