<?xml version="1.0" encoding="UTF-8"?><envelope><headers><id>6558a881-ac42-4abb-8f49-b8ce3f5e74f7</id><date-metas><date>1997-06-23T09:00:00+01:00</date><year>1997</year></date-metas><tofrom-metas><email-from><email>steven.kean@enron.com</email></email-from><firstname-from><firstname>steven</firstname></firstname-from></tofrom-metas></headers><triples/><instance><content-type>application/EML</content-type><filter-capabilities>text subfiles HD-HTML</filter-capabilities><From>steven.kean@enron.com</From><Subject>In Washington DC with Mr. Lay</Subject><Date>Mon, 23 Jun 1997 01:00:00 -0700 (PDT)</Date><Message_ID>&lt;17192504.1075848070321.JavaMail.evans@thyme&gt;</Message_ID><size>463</size><body xmlns="http://www.w3.org/1999/xhtml">
<p>

Fly up and back on company plane
</p>
</body></instance></envelope>