<?xml version="1.0" encoding="UTF-8"?><envelope><headers><id>c57c5f21-c762-47d4-b10d-fb59bdd47236</id><date-metas><date>1997-03-07T11:00:00+01:00</date><year>1997</year></date-metas><tofrom-metas><email-from><email>steven.kean@enron.com</email></email-from><firstname-from><firstname>steven</firstname></firstname-from></tofrom-metas></headers><triples/><instance><content-type>application/EML</content-type><filter-capabilities>text subfiles HD-HTML</filter-capabilities><From>steven.kean@enron.com</From><Subject>Gary von Fischer</Subject><Date>Fri, 7 Mar 1997 02:00:00 -0800 (PST)</Date><Message_ID>&lt;14714601.1075848069468.JavaMail.evans@thyme&gt;</Message_ID><size>444</size><body xmlns="http://www.w3.org/1999/xhtml">
<p>

10:45 meet with Cliff Baxter
</p>
</body></instance></envelope>