<?xml version="1.0" encoding="UTF-8"?><envelope><headers><id>2a218046-cb8f-4177-95f2-7c49be8fa6e7</id><date-metas><date>1997-08-05T08:30:00+01:00</date><year>1997</year></date-metas><tofrom-metas><email-from><email>steven.kean@enron.com</email></email-from><firstname-from><firstname>steven</firstname></firstname-from></tofrom-metas></headers><triples/><instance><content-type>application/EML</content-type><filter-capabilities>text subfiles HD-HTML</filter-capabilities><From>steven.kean@enron.com</From><Subject>External Affairs Meeting in 50M03, conference bridge 853-3233passcode 3000, you are the host</Subject><Date>Tue, 5 Aug 1997 00:30:00 -0700 (PDT)</Date><Message_ID>&lt;17005183.1075848070887.JavaMail.evans@thyme&gt;</Message_ID><size>543</size><body xmlns="http://www.w3.org/1999/xhtml">
<p>

Reporter(WSJ)
Ed Dardis
UW - Mary Clark
Clarence
</p>
</body></instance></envelope>