<?xml version="1.0" encoding="UTF-8"?><envelope><headers><id>b488cc45-fdd3-4e92-809e-6b58132ddbfd</id><date-metas><date>1997-08-05T13:30:00+01:00</date><year>1997</year></date-metas><tofrom-metas><email-from><email>steven.kean@enron.com</email></email-from><firstname-from><firstname>steven</firstname></firstname-from></tofrom-metas></headers><triples/><instance><content-type>application/EML</content-type><filter-capabilities>text subfiles HD-HTML</filter-capabilities><From>steven.kean@enron.com</From><Subject>Meeting with Bill Hogan, Mr. Lay, and Mr. Skilling, Irwin Stelzerand Richard Tabors will sit in as well, in 50M03</Subject><Date>Tue, 5 Aug 1997 05:30:00 -0700 (PDT)</Date><Message_ID>&lt;23021873.1075848070908.JavaMail.evans@thyme&gt;</Message_ID><size>589</size><body xmlns="http://www.w3.org/1999/xhtml">
<p>

(Connie Burns in Bill Hogan's office 617-495-1318)  Lunch will be served.
</p>
</body></instance></envelope>