<?xml version="1.0" encoding="UTF-8"?><envelope><headers><id>de291fb1-0b65-4fe9-bce5-d67bb1867c6f</id><date-metas><date>1997-09-25T09:00:00+01:00</date><year>1997</year></date-metas><tofrom-metas><email-from><email>steven.kean@enron.com</email></email-from><firstname-from><firstname>steven</firstname></firstname-from></tofrom-metas></headers><triples/><instance><content-type>application/EML</content-type><filter-capabilities>text subfiles HD-HTML</filter-capabilities><From>steven.kean@enron.com</From><Subject>Council of Shopping Centers, per Cynthia Sandherr.  In Chicago.John Scoblick doing this.</Subject><Date>Thu, 25 Sep 1997 01:00:00 -0700 (PDT)</Date><Message_ID>&lt;32418360.1075846273251.JavaMail.evans@thyme&gt;</Message_ID><size>569</size><body xmlns="http://www.w3.org/1999/xhtml">
<p>

Stan Broussard 3-5468
Cynthia Sandherr Subcommittee going to mark up on Oct 13
</p>
</body></instance></envelope>