<?xml version="1.0" encoding="UTF-8"?><envelope><headers><id>871d6e6f-a48e-4bae-9f86-e048670262c0</id><date-metas><date>1997-10-30T09:00:00+01:00</date><year>1997</year></date-metas><tofrom-metas><email-from><email>steven.kean@enron.com</email></email-from><firstname-from><firstname>steven</firstname></firstname-from></tofrom-metas></headers><triples/><instance><content-type>application/EML</content-type><filter-capabilities>text subfiles HD-HTML</filter-capabilities><From>steven.kean@enron.com</From><Subject>Breakfast presentation at MASS Plastics '97 conference, perJennifer Arnold.</Subject><Date>Thu, 30 Oct 1997 00:00:00 -0800 (PST)</Date><Message_ID>&lt;17034983.1075846273523.JavaMail.evans@thyme&gt;</Message_ID><size>501</size><body xmlns="http://www.w3.org/1999/xhtml">
<p>

CANCELLED......
</p>
</body></instance></envelope>