<?xml version="1.0" encoding="UTF-8"?><envelope><headers><id>d0869ba5-e015-42cd-b72f-56fa019a49ac</id><date-metas><date>1997-11-07T09:00:00+01:00</date><year>1997</year></date-metas><tofrom-metas><email-from><email>steven.kean@enron.com</email></email-from><firstname-from><firstname>steven</firstname></firstname-from></tofrom-metas></headers><triples/><instance><content-type>application/EML</content-type><filter-capabilities>text subfiles HD-HTML</filter-capabilities><From>steven.kean@enron.com</From><Subject>Enron Management Conference - Hyatt Hill Country Resort, SanAntonio</Subject><Date>Fri, 7 Nov 1997 00:00:00 -0800 (PST)</Date><Message_ID>&lt;21859985.1075846273617.JavaMail.evans@thyme&gt;</Message_ID><size>503</size><body xmlns="http://www.w3.org/1999/xhtml">
<p>

Fly to New York late.
</p>
</body></instance></envelope>