<?xml version="1.0" encoding="UTF-8"?><envelope><headers><id>03b2f990-2c3f-4a17-8485-78d5d4ef364d</id><date-metas><date>1997-03-31T18:30:00+01:00</date><year>1997</year></date-metas><tofrom-metas><email-from><email>steven.kean@enron.com</email></email-from><firstname-from><firstname>steven</firstname></firstname-from></tofrom-metas></headers><triples/><instance><content-type>application/EML</content-type><filter-capabilities>text subfiles HD-HTML</filter-capabilities><From>steven.kean@enron.com</From><Subject>DeLay Dinner</Subject><Date>Mon, 31 Mar 1997 09:30:00 -0800 (PST)</Date><Message_ID>&lt;7490660.1075846271243.JavaMail.evans@thyme&gt;</Message_ID><size>529</size><body xmlns="http://www.w3.org/1999/xhtml">
<p>

"Americans for a Republican Majority"
Ritz-Carlton Hotel, 1919 Briar Oaks Lane
Reception 6:00 - 7:30
Dinner 7:30 - 9:30
</p>
</body></instance></envelope>