<?xml version="1.0" encoding="UTF-8"?><envelope><headers><id>4c848f81-b771-49cb-8951-289d8067df6e</id><date-metas><date>1997-11-20T18:30:00+01:00</date><year>1997</year></date-metas><tofrom-metas><email-from><email>steven.kean@enron.com</email></email-from><firstname-from><firstname>steven</firstname></firstname-from></tofrom-metas></headers><triples/><instance><content-type>application/EML</content-type><filter-capabilities>text subfiles HD-HTML</filter-capabilities><From>steven.kean@enron.com</From><Subject>Dinner with Craig Goodman - Cancelled</Subject><Date>Thu, 20 Nov 1997 09:30:00 -0800 (PST)</Date><Message_ID>&lt;978546.1075846273706.JavaMail.evans@thyme&gt;</Message_ID><size>446</size><body xmlns="http://www.w3.org/1999/xhtml">
<p>

202-333-3288
</p>
</body></instance></envelope>