<?xml version="1.0" encoding="UTF-8"?><envelope><headers><id>3898ddc0-f66e-495d-8da8-ef18fa031e16</id><date-metas><date>1997-06-04T14:30:00+01:00</date><year>1997</year></date-metas><tofrom-metas><email-from><email>steven.kean@enron.com</email></email-from><firstname-from><firstname>steven</firstname></firstname-from></tofrom-metas></headers><triples/><instance><content-type>application/EML</content-type><filter-capabilities>text subfiles HD-HTML</filter-capabilities><From>steven.kean@enron.com</From><Subject>ECT Strategy Meeting, per Julie Armstrong</Subject><Date>Wed, 4 Jun 1997 06:30:00 -0700 (PDT)</Date><Message_ID>&lt;19661052.1075846271725.JavaMail.evans@thyme&gt;</Message_ID><size>483</size><body xmlns="http://www.w3.org/1999/xhtml">
<p>

At the Four Seasons Hotel - Livingston Room
</p>
</body></instance></envelope>