<?xml version="1.0" encoding="UTF-8"?><envelope><headers><id>2f1bf937-4f45-4bf9-8bfe-6a8c37c3e221</id><date-metas><date>1997-06-25T13:30:00+01:00</date><year>1997</year></date-metas><tofrom-metas><email-from><email>steven.kean@enron.com</email></email-from><firstname-from><firstname>steven</firstname></firstname-from></tofrom-metas></headers><triples/><instance><content-type>application/EML</content-type><filter-capabilities>text subfiles HD-HTML</filter-capabilities><From>steven.kean@enron.com</From><Subject>Meet with Commissioner Ebert in Biloxi</Subject><Date>Wed, 25 Jun 1997 05:30:00 -0700 (PDT)</Date><Message_ID>&lt;30330824.1075846272017.JavaMail.evans@thyme&gt;</Message_ID><size>466</size><body xmlns="http://www.w3.org/1999/xhtml">
<p>

Fly to DC from Biloxi
</p>
</body></instance></envelope>