<?xml version="1.0" encoding="UTF-8"?><envelope><headers><id>d6684008-c801-4339-b308-5b604c6891dc</id><date-metas><date>1997-07-25T10:00:00+01:00</date><year>1997</year></date-metas><tofrom-metas><email-from><email>steven.kean@enron.com</email></email-from><firstname-from><firstname>steven</firstname></firstname-from></tofrom-metas></headers><triples/><instance><content-type>application/EML</content-type><filter-capabilities>text subfiles HD-HTML</filter-capabilities><From>steven.kean@enron.com</From><Subject>Rick, Malcolm, Mark, Lyndon meet with Steve,  Dan to call in afterhis radio interview.</Subject><Date>Fri, 25 Jul 1997 02:00:00 -0700 (PDT)</Date><Message_ID>&lt;15221034.1075846272329.JavaMail.evans@thyme&gt;</Message_ID><size>510</size><body xmlns="http://www.w3.org/1999/xhtml">
<p>

General Staff Meeting
</p>
</body></instance></envelope>