<?xml version="1.0" encoding="UTF-8"?><envelope><headers><id>ff7f3bcd-4b02-4c3c-8d14-ef9ba02711fa</id><date-metas><date>1997-07-31T09:30:00+01:00</date><year>1997</year></date-metas><tofrom-metas><email-from><email>steven.kean@enron.com</email></email-from><firstname-from><firstname>steven</firstname></firstname-from></tofrom-metas></headers><triples/><instance><content-type>application/EML</content-type><filter-capabilities>text subfiles HD-HTML</filter-capabilities><From>steven.kean@enron.com</From><Subject>Weekly Retail Meeting, EB 27C1</Subject><Date>Thu, 31 Jul 1997 01:30:00 -0700 (PDT)</Date><Message_ID>&lt;14373856.1075846272419.JavaMail.evans@thyme&gt;</Message_ID><size>479</size><body xmlns="http://www.w3.org/1999/xhtml">
<p>

Gordon Weil
Joe Allen
Dave Marquart
Richard Tabors
</p>
</body></instance></envelope>