<?xml version="1.0" encoding="UTF-8"?><envelope><headers><id>9a203b78-6a23-4b1f-8b84-692bb9614956</id><date-metas><date>1997-08-21T09:30:00+01:00</date><year>1997</year></date-metas><tofrom-metas><email-from><email>steven.kean@enron.com</email></email-from><firstname-from><firstname>steven</firstname></firstname-from></tofrom-metas></headers><triples/><instance><content-type>application/EML</content-type><filter-capabilities>text subfiles HD-HTML</filter-capabilities><From>steven.kean@enron.com</From><Subject>Weekly Retail Meeting, EB 27C1</Subject><Date>Thu, 21 Aug 1997 01:30:00 -0700 (PDT)</Date><Message_ID>&lt;12728799.1075846272716.JavaMail.evans@thyme&gt;</Message_ID><size>660</size><body xmlns="http://www.w3.org/1999/xhtml">
<p>

Slade Gorton  --  Craig Gannett meeting
Christa Donahue (PFI in North Carolina -- 2024672778)
Greg Piper
Carol Dillon 503-464-8536
Kathleen -- Providence Gas (Mike McCall)
Linda Clemmons -- MIT forum at MIT
Bob Foster 818 302 9210
</p>
</body></instance></envelope>