<?xml version="1.0" encoding="UTF-8"?><envelope><headers><id>c95febf2-e511-4ab1-82e3-dafb2ec784de</id><date-metas><date>1997-09-08T09:00:00+01:00</date><year>1997</year></date-metas><tofrom-metas><email-from><email>steven.kean@enron.com</email></email-from><firstname-from><firstname>steven</firstname></firstname-from></tofrom-metas></headers><triples/><instance><content-type>application/EML</content-type><filter-capabilities>text subfiles HD-HTML</filter-capabilities><From>steven.kean@enron.com</From><Subject>Ed Segner's Staff meeting, in 50M Dining Room</Subject><Date>Mon, 8 Sep 1997 01:00:00 -0700 (PDT)</Date><Message_ID>&lt;27075483.1075846272959.JavaMail.evans@thyme&gt;</Message_ID><size>488</size><body xmlns="http://www.w3.org/1999/xhtml">
<p>

greg piper
Andy Keleman
628-7654

re Roadshow
</p>
</body></instance></envelope>