<?xml version="1.0" encoding="UTF-8"?><envelope><headers><id>4071f7fc-7c08-4a8d-82f6-f6d5ede35b9f</id><date-metas><date>1997-09-16T09:00:00+01:00</date><year>1997</year></date-metas><tofrom-metas><email-from><email>steven.kean@enron.com</email></email-from><firstname-from><firstname>steven</firstname></firstname-from></tofrom-metas></headers><triples/><instance><content-type>application/EML</content-type><filter-capabilities>text subfiles HD-HTML</filter-capabilities><From>steven.kean@enron.com</From><Subject>Rick to Cover</Subject><Date>Tue, 16 Sep 1997 01:00:00 -0700 (PDT)</Date><Message_ID>&lt;15769527.1075846273073.JavaMail.evans@thyme&gt;</Message_ID><size>602</size><body xmlns="http://www.w3.org/1999/xhtml">
<p>

LTV Steel's Northern Ohio Energy Conference, in Cleveland Ohio

You will be on a panel with reps from Centerior, Ohio Edison, Cinergy

Audience will be between 400-500 ppl

Per Terrie James
</p>
</body></instance></envelope>