<?xml version="1.0" encoding="UTF-8"?><envelope><headers><id>53629f47-4030-4674-a45e-b447df9348cc</id><date-metas><date>1998-05-27T16:31:00+01:00</date><year>1998</year></date-metas><tofrom-metas><email-from><email>christopher.behney@enron.com</email></email-from><firstname-from><firstname>christopher</firstname></firstname-from><email-to><email>toni.schulenburg@enron.com</email></email-to><firstname-to><firstname>toni</firstname></firstname-to></tofrom-metas></headers><triples><sem:triple xmlns:sem="http://marklogic.com/semantics"><sem:subject>christopher.behney@enron.com</sem:subject><sem:predicate>http://demo.marklogic.com#sendsTo</sem:predicate><sem:object>toni.schulenburg@enron.com</sem:object></sem:triple><sem:triple xmlns:sem="http://marklogic.com/semantics"><sem:subject>christopher</sem:subject><sem:predicate>http://demo.marklogic.com#speaksTo</sem:predicate><sem:object>toni</sem:object></sem:triple></triples><instance><content-type>application/EML</content-type><filter-capabilities>text subfiles HD-HTML</filter-capabilities><From>christopher.behney@enron.com</From><To>toni.schulenburg@enron.com</To><CC>mary.hain@enron.com</CC><BCC>mary.hain@enron.com</BCC><Subject>Re: Lexis request</Subject><Date>Wed, 27 May 1998 08:31:00 -0700 (PDT)</Date><Message_ID>&lt;25379822.1075860382182.JavaMail.evans@thyme&gt;</Message_ID><size>1758</size><body xmlns="http://www.w3.org/1999/xhtml">
<p>

Mary Hain
121 SW Salmon St
3 World Trade Center 03-06
Portland, OR  97204

CB




Toni P Schulenburg
05/27/98 01:11 PM
To: Christopher Behney/HOU/ECT@ECT
cc:  
Subject: Re: Lexis request  

Chris,

Thanks for the info.  What will the mailing address be for that account?

tps



   
 Enron Capital &amp; Trade Resources Corp.
 
 From:  Christopher Behney                           05/27/98 03:04 PM
 

To: Toni P Schulenburg/HOU/ECT@ECT
cc:  
Subject: Re: Lexis request  

Hi Toni.

Here is the information you need.

Company:  409
RC: 1261
Dept Name: Government Affairs (Enron Corp.)
Invoice Contact:  Lysa Akin - Admin Asst for the Regulatory Group in 
Portland.  Mary is actually a Director so she may be the primary contact.

If you have any questions, please let me know.

CB




Toni P Schulenburg
05/27/98 12:33 PM
To: Christopher Behney/HOU/ECT@ECT
cc:  
Subject: Lexis request

Chris,

Would you mind forwarding the following info to me?  I need it before I can 
set Mary up for a Lexis password.

 Company #
 RC #:  1261
 Department Name
 Invoice Contact

The manager can send me an email directly with this info.  My internet 
address is tschule@ect.enron.com  if that is better for them.

Thanks.

tps









</p>
</body></instance></envelope>