<?xml version="1.0" encoding="UTF-8"?><envelope><headers><id>fa7ac2e9-7174-44f1-839a-4b201961126b</id><date-metas><date>1998-12-02T14:24:00+01:00</date><year>1998</year></date-metas><tofrom-metas><email-from><email>mark.taylor@enron.com</email></email-from><firstname-from><firstname>mark</firstname></firstname-from><email-to><email>tana.jones@enron.com</email></email-to><firstname-to><firstname>tana</firstname></firstname-to></tofrom-metas></headers><triples><sem:triple xmlns:sem="http://marklogic.com/semantics"><sem:subject>mark.taylor@enron.com</sem:subject><sem:predicate>http://demo.marklogic.com#sendsTo</sem:predicate><sem:object>tana.jones@enron.com</sem:object></sem:triple><sem:triple xmlns:sem="http://marklogic.com/semantics"><sem:subject>mark</sem:subject><sem:predicate>http://demo.marklogic.com#speaksTo</sem:predicate><sem:object>tana</sem:object></sem:triple></triples><instance><content-type>application/EML</content-type><filter-capabilities>text subfiles HD-HTML</filter-capabilities><From>mark.taylor@enron.com</From><To>tana.jones@enron.com</To><Subject>Koch</Subject><Date>Wed, 2 Dec 1998 05:24:00 -0800 (PST)</Date><Message_ID>&lt;26304406.1075860046845.JavaMail.evans@thyme&gt;</Message_ID><size>761</size><body xmlns="http://www.w3.org/1999/xhtml">
<p>

I have the feeling that Koch finally decided to consolidate their financial 
trading with us into Koch Energy Trading.  They recently did a trade with our 
coal desk between ECT and Koch Carbon Inc.  Do we have a contact in legal (or 
elsewhere) at Koch we should call to see if they are willing to use Koch 
Energy Trading?
</p>
</body></instance></envelope>