<?xml version="1.0" encoding="UTF-8"?><envelope><headers><id>dd8634af-dad1-49dd-aae3-c115645d061c</id><date-metas><date>1998-12-02T18:55:00+01:00</date><year>1998</year></date-metas><tofrom-metas><email-from><email>mark.taylor@enron.com</email></email-from><firstname-from><firstname>mark</firstname></firstname-from><email-to><email>paul.simons@enron.com</email></email-to><firstname-to><firstname>paul</firstname></firstname-to></tofrom-metas></headers><triples><sem:triple xmlns:sem="http://marklogic.com/semantics"><sem:subject>mark.taylor@enron.com</sem:subject><sem:predicate>http://demo.marklogic.com#sendsTo</sem:predicate><sem:object>paul.simons@enron.com</sem:object></sem:triple><sem:triple xmlns:sem="http://marklogic.com/semantics"><sem:subject>mark</sem:subject><sem:predicate>http://demo.marklogic.com#speaksTo</sem:predicate><sem:object>paul</sem:object></sem:triple></triples><instance><content-type>application/EML</content-type><filter-capabilities>text subfiles HD-HTML</filter-capabilities><From>mark.taylor@enron.com</From><To>paul.simons@enron.com</To><CC>scott.sefton@enron.com, alan.aronowitz@enron.com, yao.apasu@enron.com</CC><BCC>scott.sefton@enron.com, alan.aronowitz@enron.com, yao.apasu@enron.com</BCC><Subject>Coal Swap</Subject><Date>Wed, 2 Dec 1998 09:55:00 -0800 (PST)</Date><Message_ID>&lt;19448092.1075860046889.JavaMail.evans@thyme&gt;</Message_ID><size>885</size><body xmlns="http://www.w3.org/1999/xhtml">
<p>

Paul:

Since the recent pet coke swap (deal 8025) is really a US deal, we should 
probably do the documentation here.  Would you please send me a copy of the 
confirm for the coal swap you worked on for us to use as a starting point?

Thanks, 

Mark
</p>
</body></instance></envelope>