<?xml version="1.0" encoding="UTF-8"?><envelope><headers><id>32820b93-8387-471a-9072-631c41665838</id><date-metas><date>1998-12-03T16:21:00+01:00</date><year>1998</year></date-metas><tofrom-metas><email-from><email>mark.taylor@enron.com</email></email-from><firstname-from><firstname>mark</firstname></firstname-from><email-to><email>janet.dobernecker@enron.com</email></email-to><firstname-to><firstname>janet</firstname></firstname-to></tofrom-metas></headers><triples><sem:triple xmlns:sem="http://marklogic.com/semantics"><sem:subject>mark.taylor@enron.com</sem:subject><sem:predicate>http://demo.marklogic.com#sendsTo</sem:predicate><sem:object>janet.dobernecker@enron.com</sem:object></sem:triple><sem:triple xmlns:sem="http://marklogic.com/semantics"><sem:subject>mark</sem:subject><sem:predicate>http://demo.marklogic.com#speaksTo</sem:predicate><sem:object>janet</sem:object></sem:triple></triples><instance><content-type>application/EML</content-type><filter-capabilities>text subfiles HD-HTML</filter-capabilities><From>mark.taylor@enron.com</From><To>janet.dobernecker@enron.com</To><Subject>Martin Rosell visit</Subject><Date>Thu, 3 Dec 1998 07:21:00 -0800 (PST)</Date><Message_ID>&lt;10360809.1075860046911.JavaMail.evans@thyme&gt;</Message_ID><size>1885</size><body xmlns="http://www.w3.org/1999/xhtml">
<p>

Are you the right person to handle these details?  If not, please try to find 
out who it is and then let me know so I can communicate with Martin.
---------------------- Forwarded by Mark - ECT Legal Taylor/HOU/ECT on 
12/03/98 03:20 PM ---------------------------


Martin Rosell
12/03/98 02:49 AM
To: Mark - ECT Legal Taylor/HOU/ECT@ECT
cc:  
Subject: Absence

Mark,

Following the message below, please be informed that I plan to come over to 
Houston 15 January next year and stay for 6-7 weeks (at Murphy's Montecito 
apartments).  Maybe we could change a few words on this before Christmas.  
Also, do you know to whom I may turn in order to settle the practicalities 
(invitation letter to show immigration authorities, insurance, car, etc.)?!

Martin 
---------------------- Forwarded by Martin Rosell/OSL/ECT on 03/12/98 08:38 
---------------------------


Scott Sefton
27/11/98 17:41
To: Martin Rosell/OSL/ECT@ECT
cc:  
Subject: Absence

We ought to investigate the possibility of having a Wikborg lawyer over every 
afternoon, with the understanding that the Wikborg lawyer would also be 
available to work on our stuff in the morning. This is our chance to develop 
a relationship with a new Wikborg lawyer who could replace Jarle Erik. Please 
confirm the dates that you will be gone. I assume that you will be back in 
Oslo by March 1. Please co-ordinate your Houston visit with Mark Taylor. 
Thanks!



</p>
</body></instance></envelope>