<?xml version="1.0" encoding="UTF-8"?><envelope><headers><id>a62633ac-0654-4ea3-ad6f-8eafc7496a7b</id><date-metas><date>1998-12-03T20:27:00+01:00</date><year>1998</year></date-metas><tofrom-metas><email-from><email>mark.taylor@enron.com</email></email-from><firstname-from><firstname>mark</firstname></firstname-from><email-to><email>martin.rosell@enron.com</email></email-to><firstname-to><firstname>martin</firstname></firstname-to></tofrom-metas></headers><triples><sem:triple xmlns:sem="http://marklogic.com/semantics"><sem:subject>mark.taylor@enron.com</sem:subject><sem:predicate>http://demo.marklogic.com#sendsTo</sem:predicate><sem:object>martin.rosell@enron.com</sem:object></sem:triple><sem:triple xmlns:sem="http://marklogic.com/semantics"><sem:subject>mark</sem:subject><sem:predicate>http://demo.marklogic.com#speaksTo</sem:predicate><sem:object>martin</sem:object></sem:triple></triples><instance><content-type>application/EML</content-type><filter-capabilities>text subfiles HD-HTML</filter-capabilities><From>mark.taylor@enron.com</From><To>martin.rosell@enron.com</To><Subject>Re: Absence</Subject><Date>Thu, 3 Dec 1998 11:27:00 -0800 (PST)</Date><Message_ID>&lt;20176386.1075860046933.JavaMail.evans@thyme&gt;</Message_ID><size>2170</size><body xmlns="http://www.w3.org/1999/xhtml">
<p>

Martin:

I am told by my assistant (Jan Dobernecker) that the Human Resources 
Department here has people who will assist you on the practicalities.  Jan 
has asked them to get in touch with you directly.  If you have not heard from 
someone by the middle of next week, please let me or Jan know so we can 
either prod them into action or get you a contact name and number to call.

We are all very much looking forward to your arrival and I'd be happy to 
discuss any questions (and I'm sure there must be several) that come to mind 
- just give me a call.

Mark




Martin Rosell
12/03/98 02:49 AM
To: Mark - ECT Legal Taylor/HOU/ECT@ECT
cc:  
Subject: Absence

Mark,

Following the message below, please be informed that I plan to come over to 
Houston 15 January next year and stay for 6-7 weeks (at Murphy's Montecito 
apartments).  Maybe we could change a few words on this before Christmas.  
Also, do you know to whom I may turn in order to settle the practicalities 
(invitation letter to show immigration authorities, insurance, car, etc.)?!

Martin 
---------------------- Forwarded by Martin Rosell/OSL/ECT on 03/12/98 08:38 
---------------------------


Scott Sefton
27/11/98 17:41
To: Martin Rosell/OSL/ECT@ECT
cc:  
Subject: Absence

We ought to investigate the possibility of having a Wikborg lawyer over every 
afternoon, with the understanding that the Wikborg lawyer would also be 
available to work on our stuff in the morning. This is our chance to develop 
a relationship with a new Wikborg lawyer who could replace Jarle Erik. Please 
confirm the dates that you will be gone. I assume that you will be back in 
Oslo by March 1. Please co-ordinate your Houston visit with Mark Taylor. 
Thanks!




</p>
</body></instance></envelope>