<?xml version="1.0" encoding="UTF-8"?><envelope><headers><id>20236f76-2e8b-4649-8d82-ceec28a54fa9</id><date-metas><date>1998-12-04T10:15:00+01:00</date><year>1998</year></date-metas><tofrom-metas><email-from><email>mark.taylor@enron.com</email></email-from><firstname-from><firstname>mark</firstname></firstname-from><email-to><email>marie.heard@enron.com</email></email-to><firstname-to><firstname>marie</firstname></firstname-to></tofrom-metas></headers><triples><sem:triple xmlns:sem="http://marklogic.com/semantics"><sem:subject>mark.taylor@enron.com</sem:subject><sem:predicate>http://demo.marklogic.com#sendsTo</sem:predicate><sem:object>marie.heard@enron.com</sem:object></sem:triple><sem:triple xmlns:sem="http://marklogic.com/semantics"><sem:subject>mark</sem:subject><sem:predicate>http://demo.marklogic.com#speaksTo</sem:predicate><sem:object>marie</sem:object></sem:triple></triples><instance><content-type>application/EML</content-type><filter-capabilities>text subfiles HD-HTML</filter-capabilities><From>mark.taylor@enron.com</From><To>marie.heard@enron.com</To><CC>janet.dobernecker@enron.com</CC><BCC>janet.dobernecker@enron.com</BCC><Subject>Re: Vacation Request</Subject><Date>Fri, 4 Dec 1998 01:15:00 -0800 (PST)</Date><Message_ID>&lt;1173208.1075860047024.JavaMail.evans@thyme&gt;</Message_ID><size>854</size><body xmlns="http://www.w3.org/1999/xhtml">
<p>

Looks good to me.  Enjoy!




Marie Heard on 12/03/98 09:08:31 AM
To: Mark - ECT Legal Taylor/HOU/ECT@ECT
cc: Janet Dobernecker/HOU/ECT@ECT 
Subject: Vacation Request

I would like to schedule Tuesday, December 15 through Friday, December 18 as 
vacation.  Please let me know if there is a problem.

Thanks!

Marie


</p>
</body></instance></envelope>