<?xml version="1.0" encoding="UTF-8"?><envelope><headers><id>18a048d3-b9df-4348-994c-e6016786378b</id><date-metas><date>1998-12-10T16:03:00+01:00</date><year>1998</year></date-metas><tofrom-metas><email-from><email>mark.taylor@enron.com</email></email-from><firstname-from><firstname>mark</firstname></firstname-from><email-to><email>mzeleanor@juno.com</email></email-to><firstname-to/></tofrom-metas></headers><triples><sem:triple xmlns:sem="http://marklogic.com/semantics"><sem:subject>mark.taylor@enron.com</sem:subject><sem:predicate>http://demo.marklogic.com#sendsTo</sem:predicate><sem:object>mzeleanor@juno.com</sem:object></sem:triple></triples><instance><content-type>application/EML</content-type><filter-capabilities>text subfiles HD-HTML</filter-capabilities><From>mark.taylor@enron.com</From><To>mzeleanor@juno.com</To><Subject>Re: Christmas lists</Subject><Date>Thu, 10 Dec 1998 07:03:00 -0800 (PST)</Date><Message_ID>&lt;570312.1075860047153.JavaMail.evans@thyme&gt;</Message_ID><size>585</size><body xmlns="http://www.w3.org/1999/xhtml">
<p>

I haven't received anything yet - and have a meeting I have to go to now.  
I'll check back in an hour or so.
</p>
</body></instance></envelope>