<?xml version="1.0" encoding="UTF-8"?><envelope><headers><id>9bb051ae-b4c3-49ba-addb-0521056d3ad2</id><date-metas><date>1998-12-15T11:20:00+01:00</date><year>1998</year></date-metas><tofrom-metas><email-from><email>mark.taylor@enron.com</email></email-from><firstname-from><firstname>mark</firstname></firstname-from><email-to><email>martin.rosell@enron.com</email></email-to><firstname-to><firstname>martin</firstname></firstname-to></tofrom-metas></headers><triples><sem:triple xmlns:sem="http://marklogic.com/semantics"><sem:subject>mark.taylor@enron.com</sem:subject><sem:predicate>http://demo.marklogic.com#sendsTo</sem:predicate><sem:object>martin.rosell@enron.com</sem:object></sem:triple><sem:triple xmlns:sem="http://marklogic.com/semantics"><sem:subject>mark</sem:subject><sem:predicate>http://demo.marklogic.com#speaksTo</sem:predicate><sem:object>martin</sem:object></sem:triple></triples><instance><content-type>application/EML</content-type><filter-capabilities>text subfiles HD-HTML</filter-capabilities><From>mark.taylor@enron.com</From><To>martin.rosell@enron.com</To><Subject>Re: Commodity Derivatives Committee (Norway)</Subject><Date>Tue, 15 Dec 1998 02:20:00 -0800 (PST)</Date><Message_ID>&lt;32648536.1075860047243.JavaMail.evans@thyme&gt;</Message_ID><size>1917</size><body xmlns="http://www.w3.org/1999/xhtml">
<p>

Martin:

Thanks for your note.  Is there an English language version of your 
presentation available?

Mark




Martin Rosell
12/15/98 07:41 AM
To: ECT London European Trading
cc:  
Subject: Commodity Derivatives Committee (Norway)

Earlier today, Thor Lien and I held a 1.5 hours presentation for the ten 
members of the above Committee.  The Committee has been assigned the task of 
examining issues related to commodity derivatives trading in Norway and to 
propose a concrete regulatory framework (currently financial commodity 
trading is not regulated in Norway) on 15 June next year at the latest.  

The background knowledge of the Committee members, representing different 
Norwegian interests, appeared to be quite shifting; while certain Committee 
members had in-depth knowledge of, for instance, EU capital requirements 
others revealed limited understanding of the functioning of the power 
markets.  The Committee took a great interest in the two regulatory points 
that I brought up, the lack of recognition of close-out netting in Norway and 
the forthcoming implications of CAD2.  The discussions sometimes were vivid, 
but I believe that we succeeded in getting most of our message through.  

The vice-chairman of the Committee (lawyer) invited us to render further 
comments in writing and said that he would return to us for further 
discussions when the drafting process was about to start next year.

Martin


</p>
</body></instance></envelope>