<?xml version="1.0" encoding="UTF-8"?><envelope><headers><id>27245706-b872-48f0-9444-33e427661ee5</id><date-metas><date>1998-12-21T17:49:00+01:00</date><year>1998</year></date-metas><tofrom-metas><email-from><email>mark.taylor@enron.com</email></email-from><firstname-from><firstname>mark</firstname></firstname-from><email-to><email>fred.lagrasta@enron.com</email></email-to><firstname-to><firstname>fred</firstname></firstname-to></tofrom-metas></headers><triples><sem:triple xmlns:sem="http://marklogic.com/semantics"><sem:subject>mark.taylor@enron.com</sem:subject><sem:predicate>http://demo.marklogic.com#sendsTo</sem:predicate><sem:object>fred.lagrasta@enron.com</sem:object></sem:triple><sem:triple xmlns:sem="http://marklogic.com/semantics"><sem:subject>mark</sem:subject><sem:predicate>http://demo.marklogic.com#speaksTo</sem:predicate><sem:object>fred</sem:object></sem:triple></triples><instance><content-type>application/EML</content-type><filter-capabilities>text subfiles HD-HTML</filter-capabilities><From>mark.taylor@enron.com</From><To>fred.lagrasta@enron.com</To><Subject>Re: Memo to Exchange to transfer positions</Subject><Date>Mon, 21 Dec 1998 08:49:00 -0800 (PST)</Date><Message_ID>&lt;12687020.1075860047625.JavaMail.evans@thyme&gt;</Message_ID><size>857</size><body xmlns="http://www.w3.org/1999/xhtml">
<p>

---------------------- Forwarded by Mark - ECT Legal Taylor/HOU/ECT on 
12/21/98 04:50 PM ---------------------------
To: Janelle Scheuer/HOU/ECT@ECT
cc:  
Subject: Re: Memo to Exchange to transfer positions  

Here are my drafts of letters for ECT and Seagull regarding the transfer of 
Seagull's positions at E.D.&amp;F. Man.   Please let me know if you have any 
questions.



</p>
</body></instance></envelope>