<?xml version="1.0" encoding="UTF-8"?><envelope><headers><id>e52e70a9-b519-4d15-96e4-650e882deec2</id><date-metas><date>1998-11-04T18:03:00+01:00</date><year>1998</year></date-metas><tofrom-metas><email-from><email>mark.taylor@enron.com</email></email-from><firstname-from><firstname>mark</firstname></firstname-from></tofrom-metas></headers><triples/><instance><content-type>application/EML</content-type><filter-capabilities>text subfiles HD-HTML</filter-capabilities><From>mark.taylor@enron.com</From><Subject>NYMEX Congressional Testimony</Subject><Date>Wed, 4 Nov 1998 09:03:00 -0800 (PST)</Date><Message_ID>&lt;4146557.1075860046277.JavaMail.evans@thyme&gt;</Message_ID><size>1731</size><body xmlns="http://www.w3.org/1999/xhtml">
<p>

Mark Haedicke, Greg Whalley and I will be meeting with several people at the 
NYMEX on Friday morning.  It's possible (although not likely) that Dan 
Rappaport will attend one of the meetings.  I remember that we were very 
unhappy with his testimony earlier this year and I know we delivered that 
message to the NYMEX a couple of times.  What I'm not sure of is whether 
their testimony was toned down at all in subsequent hearings.  Are you aware 
of the content of the NYMEX testimony at those hearings and whether or not 
our complaints had been taken to heart when it was prepared?  I'm just 
wondering if there is anything we should bring up in our meetings if 
Rappaport does attend - either positive or negative.

I also heard just a few minutes ago that Mark H. had cancelled our trip to DC 
currently scheduled for 12/16 since he will be meeting with Commissioner 
Newsome tomorrow.  It might make sense to leave the December meeting on the 
calendar, though.  Seems to me the Enron message may get lost in the overall 
background noise of a big ISDA meeting.  Maybe I can come up alone and we can 
do a scaled down version of the originally scheduled meeting to get some solo 
time in the Commissioner's face.  What do you think?
</p>
</body></instance></envelope>