<?xml version="1.0" encoding="UTF-8"?><envelope><headers><id>c73ee176-d3fb-40af-a7e2-d5ecf151bdd0</id><date-metas><date>1997-09-29T09:00:00+01:00</date><year>1997</year></date-metas><tofrom-metas><email-from><email>steven.kean@enron.com</email></email-from><firstname-from><firstname>steven</firstname></firstname-from></tofrom-metas></headers><triples/><instance><content-type>application/EML</content-type><filter-capabilities>text subfiles HD-HTML</filter-capabilities><From>steven.kean@enron.com</From><Subject>Andy Fastow</Subject><Date>Mon, 29 Sep 1997 01:00:00 -0700 (PDT)</Date><Message_ID>&lt;16878752.1075846142164.JavaMail.evans@thyme&gt;</Message_ID><size>542</size><body xmlns="http://www.w3.org/1999/xhtml">
<p>

Response to Tarpey on Schnitzer/Tierney (303)575-6491
Thorn--Linda Breathitt
Mont Hoyt
Set up meeting with Dan Richard, Rick and maureen
</p>
</body></instance></envelope>