<?xml version="1.0" encoding="UTF-8"?><envelope><headers><id>60d49e47-a586-4750-ad51-8a41a515cebd</id><date-metas><date>1997-09-29T12:00:00+01:00</date><year>1997</year></date-metas><tofrom-metas><email-from><email>steven.kean@enron.com</email></email-from><firstname-from><firstname>steven</firstname></firstname-from></tofrom-metas></headers><triples/><instance><content-type>application/EML</content-type><filter-capabilities>text subfiles HD-HTML</filter-capabilities><From>steven.kean@enron.com</From><Subject>Meet with Skilling in his office.  Project</Subject><Date>Mon, 29 Sep 1997 04:00:00 -0700 (PDT)</Date><Message_ID>&lt;12020807.1075846142186.JavaMail.evans@thyme&gt;</Message_ID><size>544</size><body xmlns="http://www.w3.org/1999/xhtml">
<p>

Balboa and PGE filing - Cancelled for the time being - per Vanessa Bob - 
They'll call us when he gets back
</p>
</body></instance></envelope>