<?xml version="1.0" encoding="UTF-8"?><envelope><headers><id>9901ea21-22a0-458c-81de-af0bb639b561</id><date-metas><date>1997-11-20T13:00:00+01:00</date><year>1997</year></date-metas><tofrom-metas><email-from><email>steven.kean@enron.com</email></email-from><firstname-from><firstname>steven</firstname></firstname-from></tofrom-metas></headers><triples/><instance><content-type>application/EML</content-type><filter-capabilities>text subfiles HD-HTML</filter-capabilities><From>steven.kean@enron.com</From><Subject>Corporate Farewell Lunch for Ed Segner, in wine room at Brennan's- Not going</Subject><Date>Thu, 20 Nov 1997 04:00:00 -0800 (PST)</Date><Message_ID>&lt;21138021.1075846142553.JavaMail.evans@thyme&gt;</Message_ID><size>494</size><body xmlns="http://www.w3.org/1999/xhtml">
<p>

I've RSVP'd for you.
</p>
</body></instance></envelope>