<?xml version="1.0" encoding="UTF-8"?><envelope><headers><id>d2ba9908-1ab5-4cb2-b384-59a2d4da3788</id><date-metas><date>1997-05-01T09:00:00+01:00</date><year>1997</year></date-metas><tofrom-metas><email-from><email>steven.kean@enron.com</email></email-from><firstname-from><firstname>steven</firstname></firstname-from></tofrom-metas></headers><triples/><instance><content-type>application/EML</content-type><filter-capabilities>text subfiles HD-HTML</filter-capabilities><From>steven.kean@enron.com</From><Subject>Hold for Cynthia - possible meeting with Erskine Bowles (with Dr.Lay) and others</Subject><Date>Thu, 1 May 1997 01:00:00 -0700 (PDT)</Date><Message_ID>&lt;4194791.1075846140387.JavaMail.evans@thyme&gt;</Message_ID><size>488</size><body xmlns="http://www.w3.org/1999/xhtml">
<p>

Dept of ag


</p>
</body></instance></envelope>