<?xml version="1.0" encoding="UTF-8"?><envelope><headers><id>fdc5d816-60fb-4a28-b3ff-2c1c03ef7622</id><date-metas><date>1997-05-13T16:00:00+01:00</date><year>1997</year></date-metas><tofrom-metas><email-from><email>steven.kean@enron.com</email></email-from><firstname-from><firstname>steven</firstname></firstname-from></tofrom-metas></headers><triples/><instance><content-type>application/EML</content-type><filter-capabilities>text subfiles HD-HTML</filter-capabilities><From>steven.kean@enron.com</From><Subject>Electric System Reliability Task Force Steering CommitteeConference Call</Subject><Date>Tue, 13 May 1997 08:00:00 -0700 (PDT)</Date><Message_ID>&lt;4005706.1075846140413.JavaMail.evans@thyme&gt;</Message_ID><size>510</size><body xmlns="http://www.w3.org/1999/xhtml">
<p>

to discuss June 3 meeting.  202-586-3093.
</p>
</body></instance></envelope>