<?xml version="1.0" encoding="UTF-8"?><envelope><headers><id>aee9b0e8-efde-4124-a5ee-a5218c637d39</id><date-metas><date>1997-06-16T09:00:00+01:00</date><year>1997</year></date-metas><tofrom-metas><email-from><email>steven.kean@enron.com</email></email-from><firstname-from><firstname>steven</firstname></firstname-from></tofrom-metas></headers><triples/><instance><content-type>application/EML</content-type><filter-capabilities>text subfiles HD-HTML</filter-capabilities><From>steven.kean@enron.com</From><Subject>Ed Segner's Staff meeting, in 50M Dining Room</Subject><Date>Mon, 16 Jun 1997 01:00:00 -0700 (PDT)</Date><Message_ID>&lt;25785666.1075846140706.JavaMail.evans@thyme&gt;</Message_ID><size>478</size><body xmlns="http://www.w3.org/1999/xhtml">
<p>

Ross Malme -- 7587
Anthony D -- 6235
 
</p>
</body></instance></envelope>