<?xml version="1.0" encoding="UTF-8"?><envelope><headers><id>9d8e4520-dd0f-4e91-8df5-6890afaeed77</id><date-metas><date>1997-06-18T09:00:00+01:00</date><year>1997</year></date-metas><tofrom-metas><email-from><email>steven.kean@enron.com</email></email-from><firstname-from><firstname>steven</firstname></firstname-from></tofrom-metas></headers><triples/><instance><content-type>application/EML</content-type><filter-capabilities>text subfiles HD-HTML</filter-capabilities><From>steven.kean@enron.com</From><Subject>Purchased TWA ticket for flight Des Moines/DC.  Didn't use Unitedticket for this leg.</Subject><Date>Wed, 18 Jun 1997 01:00:00 -0700 (PDT)</Date><Message_ID>&lt;20079357.1075846140772.JavaMail.evans@thyme&gt;</Message_ID><size>622</size><body xmlns="http://www.w3.org/1999/xhtml">
<p>

In DC to do Lou Pai's speech.

You speak between 10:30 and 12:00.









3:00 House staff briefing by John Runyon of International Paper
</p>
</body></instance></envelope>