<?xml version="1.0" encoding="UTF-8"?><envelope><headers><id>0ec00224-45f8-43e9-8e5b-c5fbc2fe4441</id><date-metas><date>1997-08-14T09:30:00+01:00</date><year>1997</year></date-metas><tofrom-metas><email-from><email>steven.kean@enron.com</email></email-from><firstname-from><firstname>steven</firstname></firstname-from></tofrom-metas></headers><triples/><instance><content-type>application/EML</content-type><filter-capabilities>text subfiles HD-HTML</filter-capabilities><From>steven.kean@enron.com</From><Subject>Regulatory Roundtable, in 49C2</Subject><Date>Thu, 14 Aug 1997 01:30:00 -0700 (PDT)</Date><Message_ID>&lt;21904365.1075846141494.JavaMail.evans@thyme&gt;</Message_ID><size>536</size><body xmlns="http://www.w3.org/1999/xhtml">
<p>

PFI -- Clement TVA 2024672778  Christa Donahue  Cong BURR NC
202 383 2260 Maya Weber Mcgraw Hill
Martin 
Wenzel
</p>
</body></instance></envelope>