<?xml version="1.0" encoding="UTF-8"?><envelope><headers><id>e5e31386-6301-4864-8d79-8e1543f1188d</id><date-metas><date>1997-08-23T01:00:00+01:00</date><year>1997</year></date-metas><tofrom-metas><email-from><email>steven.kean@enron.com</email></email-from><firstname-from><firstname>steven</firstname></firstname-from></tofrom-metas></headers><triples/><instance><content-type>application/EML</content-type><filter-capabilities>text subfiles HD-HTML</filter-capabilities><From>steven.kean@enron.com</From><Date>Fri, 22 Aug 1997 17:00:00 -0700 (PDT)</Date><Message_ID>&lt;15372841.1075846141650.JavaMail.evans@thyme&gt;</Message_ID><size>408</size><body xmlns="http://www.w3.org/1999/xhtml">
<p>

Calif briefing
</p>
</body></instance></envelope>