<?xml version="1.0" encoding="UTF-8"?><envelope><headers><id>9dc8f6a2-73b1-4a9f-a0c6-f8d523514b1a</id><date-metas><date>1997-08-26T11:30:00+01:00</date><year>1997</year></date-metas><tofrom-metas><email-from><email>steven.kean@enron.com</email></email-from><firstname-from><firstname>steven</firstname></firstname-from></tofrom-metas></headers><triples/><instance><content-type>application/EML</content-type><filter-capabilities>text subfiles HD-HTML</filter-capabilities><From>steven.kean@enron.com</From><Subject>Project Power Play meeting, in Causey's office, EB 5015.  WithRick Causey, Kathleen Magruder, Jordan Mintz, Bob Hermann</Subject><Date>Tue, 26 Aug 1997 03:30:00 -0700 (PDT)</Date><Message_ID>&lt;31197389.1075846141693.JavaMail.evans@thyme&gt;</Message_ID><size>541</size><body xmlns="http://www.w3.org/1999/xhtml">
<p>

Per Bobbie Moody, x35955
</p>
</body></instance></envelope>