<?xml version="1.0" encoding="UTF-8"?><envelope><headers><id>c2f26463-3475-483c-8088-dc9107315cb7</id><date-metas><date>1997-03-20T08:30:00+01:00</date><year>1997</year></date-metas><tofrom-metas><email-from><email>steven.kean@enron.com</email></email-from><firstname-from><firstname>steven</firstname></firstname-from></tofrom-metas></headers><triples/><instance><content-type>application/EML</content-type><filter-capabilities>text subfiles HD-HTML</filter-capabilities><From>steven.kean@enron.com</From><Subject>Washington DC</Subject><Date>Wed, 19 Mar 1997 23:30:00 -0800 (PST)</Date><Message_ID>&lt;3571459.1075846140064.JavaMail.evans@thyme&gt;</Message_ID><size>565</size><body xmlns="http://www.w3.org/1999/xhtml">
<p>

pena - 1:30; Spurling @11:15 and D'Amato @12:00


11:15 D'Amato
12:00 Sperling
1:30 Pena meeting  - Tentative
3:30 Janel Guerrero

Flying up on company plane.
</p>
</body></instance></envelope>