<?xml version="1.0" encoding="UTF-8"?><envelope><headers><id>bcaed117-13b8-4d4f-a568-0b6bd5a0b0cf</id><date-metas><date>1998-11-05T13:35:00+01:00</date><year>1998</year></date-metas><tofrom-metas><email-from><email>mark.taylor@enron.com</email></email-from><firstname-from><firstname>mark</firstname></firstname-from><email-to><email>justin.boyd@enron.com</email></email-to><firstname-to><firstname>justin</firstname></firstname-to></tofrom-metas></headers><triples><sem:triple xmlns:sem="http://marklogic.com/semantics"><sem:subject>mark.taylor@enron.com</sem:subject><sem:predicate>http://demo.marklogic.com#sendsTo</sem:predicate><sem:object>justin.boyd@enron.com</sem:object></sem:triple><sem:triple xmlns:sem="http://marklogic.com/semantics"><sem:subject>mark</sem:subject><sem:predicate>http://demo.marklogic.com#speaksTo</sem:predicate><sem:object>justin</sem:object></sem:triple></triples><instance><content-type>application/EML</content-type><filter-capabilities>text subfiles HD-HTML</filter-capabilities><From>mark.taylor@enron.com</From><To>justin.boyd@enron.com</To><Subject>Re: Master Bilateral Power Contract with KWB</Subject><Date>Thu, 5 Nov 1998 04:35:00 -0800 (PST)</Date><Message_ID>&lt;30808025.1075859875101.JavaMail.evans@thyme&gt;</Message_ID><size>997</size><body xmlns="http://www.w3.org/1999/xhtml">
<p>

Congrats Justin!  Good job!


   
 Enron Capital &amp; Trade Resources Corp.
 
 From:  Justin Boyd                           11/05/98 03:56 AM
 

To: Mark E Haedicke/HOU/ECT@ECT, Alan B Aronowitz/HOU/ECT@ECT, Jeffrey T 
Hodge/HOU/ECT@ECT, Scott Sefton/LON/ECT@ECT, Mark - ECT Legal 
Taylor/HOU/ECT@ECT
cc:  
Subject: Master Bilateral Power Contract with KWB

We have executed a Master Power Bilateral Contract with KWB.

This is the first Master Bilateral Power Contract concluded with a Swiss 
company.

Justin


</p>
</body></instance></envelope>