<?xml version="1.0" encoding="UTF-8"?><envelope><headers><id>a360c3e9-ccb7-4ff9-90d3-77b4767dce05</id><date-metas><date>1998-11-09T17:50:00+01:00</date><year>1998</year></date-metas><tofrom-metas><email-from><email>no.address@enron.com</email></email-from><firstname-from><firstname>no</firstname></firstname-from></tofrom-metas></headers><triples/><instance><content-type>application/EML</content-type><filter-capabilities>text subfiles HD-HTML</filter-capabilities><From>no.address@enron.com</From><Subject>LNG hedging for China</Subject><Date>Mon, 9 Nov 1998 08:50:00 -0800 (PST)</Date><Message_ID>&lt;12049354.1075859875127.JavaMail.evans@thyme&gt;</Message_ID><size>1799</size><body xmlns="http://www.w3.org/1999/xhtml">
<p>

Mark,

Cynthia Scneider recommended I check with you on the ability of Chinese 
government-owned entities to enter into derivative contracts with Enron.  Has 
ECT done any research on China?  Please see the e-mail below for details on 
counterparty, size, term, etc.

Thanks,
Heather Mitchell
---------------------- Forwarded by Heather J Mitchell/ENRON_DEVELOPMENT on
11/09/98 04:42 PM ---------------------------


Heather J Mitchell
11/05/98 03:36 PM

To:   Cynthia L Schneider@ENRON_DEVELOPMENT
cc:   Doug Leach@ENRON_DEVELOPMENT
Subject:  LNG hedging for China

Cynthia,

The EI LNG Group is looking at providing LNG price risk management for China. 
Could you please confirm whether China National Oil Company (Corp.?) and 
China State Power Corp. are creditworthy counterparties?  Before Doug and I 
talk to the traders I want to see whether we would even be willing to sell 
LNG risk management to them.

The structure the group is most likely interested in is 500,000 MT to 
1,000,000 MT per year for five to 20 years (depending on what our traders are 
comfortable with).  I imagine the Chinese would be interested in a cap or 
collar, and not a fixed price.

What other info do you need for a quick estimate?

Thanks,
Heather



</p>
</body></instance></envelope>