<?xml version="1.0" encoding="UTF-8"?><envelope><headers><id>904300b7-87d0-4991-858e-ddbd55d7746d</id><date-metas><date>1998-11-20T10:31:00+01:00</date><year>1998</year></date-metas><tofrom-metas><email-from><email>mark.taylor@enron.com</email></email-from><firstname-from><firstname>mark</firstname></firstname-from><email-to><email>paul.simons@enron.com</email></email-to><firstname-to><firstname>paul</firstname></firstname-to></tofrom-metas></headers><triples><sem:triple xmlns:sem="http://marklogic.com/semantics"><sem:subject>mark.taylor@enron.com</sem:subject><sem:predicate>http://demo.marklogic.com#sendsTo</sem:predicate><sem:object>paul.simons@enron.com</sem:object></sem:triple><sem:triple xmlns:sem="http://marklogic.com/semantics"><sem:subject>mark</sem:subject><sem:predicate>http://demo.marklogic.com#speaksTo</sem:predicate><sem:object>paul</sem:object></sem:triple></triples><instance><content-type>application/EML</content-type><filter-capabilities>text subfiles HD-HTML</filter-capabilities><From>mark.taylor@enron.com</From><To>paul.simons@enron.com</To><Subject>Re: US LLC-CAPITAL REQUIREMENTS</Subject><Date>Fri, 20 Nov 1998 01:31:00 -0800 (PST)</Date><Message_ID>&lt;20358331.1075859875433.JavaMail.evans@thyme&gt;</Message_ID><size>1112</size><body xmlns="http://www.w3.org/1999/xhtml">
<p>

The alternatives are a net worth of US$1,000,000 or that all trades be 
guaranteed by an entity that meets the financial requirements.




Paul Simons
11/20/98 03:50 AM
To: Rod Sayers/LON/ECT@ECT, James Sandt/LON/ECT@ECT, Julie Adams/LON/ECT@ECT, 
Rajen Shah/LON/ECT@ECT
cc: Mark - ECT Legal Taylor/HOU/ECT@ECT, Scott Sefton/LON/ECT@ECT, Michael R 
Brown/LON/ECT@ECT 
Subject: US LLC-CAPITAL REQUIREMENTS

Just a line to confirm that the capital requirements for the new trading 
company under CFTC rules will be the same as those applicable to ECTRIC- i.e. 
it must have total assets in excess of US$10,000,000.

Kind regards

Paul




</p>
</body></instance></envelope>