<?xml version="1.0" encoding="UTF-8"?><envelope><headers><id>034c7038-02b1-4cde-87e4-8dca4d3dabc1</id><date-metas><date>1998-11-24T11:23:00+01:00</date><year>1998</year></date-metas><tofrom-metas><email-from><email>mark.taylor@enron.com</email></email-from><firstname-from><firstname>mark</firstname></firstname-from><email-to><email>marie.heard@enron.com</email></email-to><firstname-to><firstname>marie</firstname></firstname-to></tofrom-metas></headers><triples><sem:triple xmlns:sem="http://marklogic.com/semantics"><sem:subject>mark.taylor@enron.com</sem:subject><sem:predicate>http://demo.marklogic.com#sendsTo</sem:predicate><sem:object>marie.heard@enron.com</sem:object></sem:triple><sem:triple xmlns:sem="http://marklogic.com/semantics"><sem:subject>mark</sem:subject><sem:predicate>http://demo.marklogic.com#speaksTo</sem:predicate><sem:object>marie</sem:object></sem:triple></triples><instance><content-type>application/EML</content-type><filter-capabilities>text subfiles HD-HTML</filter-capabilities><From>mark.taylor@enron.com</From><To>marie.heard@enron.com</To><CC>debbie.brackett@enron.com, william.bradford@enron.com, nidia.martinez@enron.com, brandon.wax@enron.com, bob.bowen@enron.com,jefferson.sorenson@enron.com, yao.apasu@enron.com,brent.hendry@enron.com, tana.jones@enron.com,sara.shackleton@enron.com, robert.cass@enron.com,yolanda.cordova-gilbert@enron.com, diane.ellstrom@enron.com,marilyn.colbert@enron.com, julie.meyers@enron.com,leslie.reeves@enron.com, toni.schulenburg@enron.com,mary.solmonson@enron.com, susan.vrazel@enron.com,bill.hare@enron.com, lynn.shivers@enron.com,caroline.benton@enron.com, mary.gosnell@enron.com,willie.harrell@enron.com, kelly.minear@enron.com,julio.casillas@enron.com, brant.reves@enron.com,melissa.graves@enron.com, joe.casas@enron.com, tara.eslick@enron.com,eddielynn.morgan@enron.com, chris.brewster@enron.com,bernice.rodriguez@enron.com, shari.stack@enron.com,elizabeth.sager@enron.com, rod.nelson@enron.com,diane.wenzell@enron.com, dale.neuner@enron.com,susan.flynn@enron.com, tanya.rohauer@enron.com, tracy.ngo@enron.com</CC><BCC>debbie.brackett@enron.com, william.bradford@enron.com, nidia.martinez@enron.com, brandon.wax@enron.com, bob.bowen@enron.com,jefferson.sorenson@enron.com, yao.apasu@enron.com,brent.hendry@enron.com, tana.jones@enron.com,sara.shackleton@enron.com, robert.cass@enron.com,yolanda.cordova-gilbert@enron.com, diane.ellstrom@enron.com,marilyn.colbert@enron.com, julie.meyers@enron.com,leslie.reeves@enron.com, toni.schulenburg@enron.com,mary.solmonson@enron.com, susan.vrazel@enron.com,bill.hare@enron.com, lynn.shivers@enron.com,caroline.benton@enron.com, mary.gosnell@enron.com,willie.harrell@enron.com, kelly.minear@enron.com,julio.casillas@enron.com, brant.reves@enron.com,melissa.graves@enron.com, joe.casas@enron.com, tara.eslick@enron.com,eddielynn.morgan@enron.com, chris.brewster@enron.com,bernice.rodriguez@enron.com, shari.stack@enron.com,elizabeth.sager@enron.com, rod.nelson@enron.com,diane.wenzell@enron.com, dale.neuner@enron.com,susan.flynn@enron.com, tanya.rohauer@enron.com, tracy.ngo@enron.com</BCC><Subject>Re: Coral Energy, L.P.</Subject><Date>Tue, 24 Nov 1998 02:23:00 -0800 (PST)</Date><Message_ID>&lt;19079342.1075859875485.JavaMail.evans@thyme&gt;</Message_ID><size>4919</size><body xmlns="http://www.w3.org/1999/xhtml">
<p>

Congratulations and well done to you and all the others who have worked on 
getting this agreement in place!  I know this was a long and difficult battle.

Mark




Marie Heard on 11/24/98 10:13:07 AM
To: Debbie R Brackett/HOU/ECT@ECT, William S Bradford/HOU/ECT@ECT, Nidia A 
Martinez/HOU/ECT@ECT, Brandon Wax/HOU/ECT@ECT, Bob Bowen/HOU/ECT@ECT, 
Jefferson D Sorenson/HOU/ECT@ECT, Yao Apasu/HOU/ECT@ECT, Brent 
Hendry/HOU/ECT@ECT, Tana Jones/HOU/ECT@ECT, Sara Shackleton/HOU/ECT@ECT, Mark 
- ECT Legal Taylor/HOU/ECT@ECT, Robert B Cass/HOU/ECT@ECT, Yolanda 
Cordova-Gilbert/HOU/ECT@ECT, Diane Ellstrom/HOU/ECT@ECT, Marilyn 
Colbert/HOU/ECT@ECT, Julie Meyers/HOU/ECT@ECT, Leslie Reeves/HOU/ECT@ECT, 
Toni P Schulenburg/HOU/ECT@ECT, Mary Solmonson/HOU/ECT@ECT, Susan D 
Vrazel/HOU/ECT@ECT, Bill D Hare/HOU/ECT@ECT, Lynn E Shivers/HOU/ECT@ECT, 
Caroline Benton/HOU/ECT@ECT, Mary G Gosnell/HOU/ECT@ECT, Willie 
Harrell/HOU/ECT@ECT, Kelly Minear/HOU/ECT@ECT, Julio Casillas/HOU/ECT@ECT, 
Brant Reves/HOU/ECT@ECT, Melissa Graves/HOU/ECT@ECT, Joe A Casas/HOU/ECT@ECT, 
Tara Eslick/HOU/ECT@ECT, EddieLynn Morgan/HOU/ECT@ECT, Chris 
Brewster/HOU/ECT@ECT, Bernice Rodriguez/HOU/ECT@ECT, Shari Stack/HOU/ECT@ECT, 
Elizabeth Sager/HOU/ECT@ECT, Rod Nelson/HOU/ECT@ECT, Diane 
Wenzell/HOU/ECT@ECT, Dale Neuner/HOU/ECT@ECT, Susan Flynn/HOU/ECT@ECT, Tanya 
Rohauer/HOU/ECT@ECT, Tracy Ngo/HOU/ECT@ECT
cc:  
Subject: Coral Energy, L.P.

Shari Stack and I are proud to announce that we have finally received the 
executed ISDA Master Agreement (Multicurrency-Cross Border) dated as of 
September 2, 1997 between ECT and Coral Energy, L.P.   Copies will be 
distributed.


</p>
</body></instance></envelope>