<?xml version="1.0" encoding="UTF-8"?><envelope><headers><id>9b399c92-1280-4f7e-90e0-cf24c9125477</id><date-metas><date>1998-11-25T11:45:00+01:00</date><year>1998</year></date-metas><tofrom-metas><email-from><email>mark.taylor@enron.com</email></email-from><firstname-from><firstname>mark</firstname></firstname-from><email-to><email>brent.hendry@enron.com</email></email-to><firstname-to><firstname>brent</firstname></firstname-to></tofrom-metas></headers><triples><sem:triple xmlns:sem="http://marklogic.com/semantics"><sem:subject>mark.taylor@enron.com</sem:subject><sem:predicate>http://demo.marklogic.com#sendsTo</sem:predicate><sem:object>brent.hendry@enron.com</sem:object></sem:triple><sem:triple xmlns:sem="http://marklogic.com/semantics"><sem:subject>mark</sem:subject><sem:predicate>http://demo.marklogic.com#speaksTo</sem:predicate><sem:object>brent</sem:object></sem:triple></triples><instance><content-type>application/EML</content-type><filter-capabilities>text subfiles HD-HTML</filter-capabilities><From>mark.taylor@enron.com</From><To>brent.hendry@enron.com</To><Subject>Legal Bills</Subject><Date>Wed, 25 Nov 1998 02:45:00 -0800 (PST)</Date><Message_ID>&lt;20353415.1075859875507.JavaMail.evans@thyme&gt;</Message_ID><size>859</size><body xmlns="http://www.w3.org/1999/xhtml">
<p>

I know you are getting the legal bills paid through Don's budget for work 
done in Argentina.  Is it possible to handle the bills for work done in 
Brazil the same way?  I have a bill from Tozzini that we need to pay.  Since 
it is all in connection with South American trading it seems reasonable to 
treat it the same as the others but I'm not sure how you are handling these 
things.  Any thoughts?
</p>
</body></instance></envelope>