<?xml version="1.0" encoding="UTF-8"?><envelope><headers><id>6e88f710-f8c4-46ee-884e-6a5c56fd02dd</id><date-metas><date>1998-11-30T11:02:00+01:00</date><year>1998</year></date-metas><tofrom-metas><email-from><email>mark.taylor@enron.com</email></email-from><firstname-from><firstname>mark</firstname></firstname-from><email-to><email>justin.boyd@enron.com</email></email-to><firstname-to><firstname>justin</firstname></firstname-to></tofrom-metas></headers><triples><sem:triple xmlns:sem="http://marklogic.com/semantics"><sem:subject>mark.taylor@enron.com</sem:subject><sem:predicate>http://demo.marklogic.com#sendsTo</sem:predicate><sem:object>justin.boyd@enron.com</sem:object></sem:triple><sem:triple xmlns:sem="http://marklogic.com/semantics"><sem:subject>mark</sem:subject><sem:predicate>http://demo.marklogic.com#speaksTo</sem:predicate><sem:object>justin</sem:object></sem:triple></triples><instance><content-type>application/EML</content-type><filter-capabilities>text subfiles HD-HTML</filter-capabilities><From>mark.taylor@enron.com</From><To>justin.boyd@enron.com</To><Subject>Re: Proposed New Swap with BEB</Subject><Date>Mon, 30 Nov 1998 02:02:00 -0800 (PST)</Date><Message_ID>&lt;7283294.1075859875605.JavaMail.evans@thyme&gt;</Message_ID><size>2008</size><body xmlns="http://www.w3.org/1999/xhtml">
<p>

Thanks Justin - I was planning to come over some time shortly after the first 
of the year.   A month or two ago Mark H. mentioned that there might be an 
ISDA meeting in January that he wants me to attend so I'll probably try to 
schedule something around then.  I believe that's around the 28th.  Let's try 
to set up dinner again!


   
 Enron Capital &amp; Trade Resources Corp.
 
 From:  Justin Boyd                           11/30/98 09:47 AM
 

To: Mark - ECT Legal Taylor/HOU/ECT@ECT
cc:  
Subject: Re: Proposed New Swap with BEB  

Hi Mark,

The document we use is an adaption of the Enron Master Swap Contract, but 
tailored for a single one-off swap deal.

When are you over next?

Hope to see you shortly!

Justin




To: Justin Boyd/LON/ECT@ECT
cc:  
Subject: Re: Proposed New Swap with BEB  

What documents do we use for these deals?  Is it the German translation of 
our Industrial Master?


   
 Enron Capital &amp; Trade Resources Corp.
 
 From:  Justin Boyd                           11/26/98 07:40 AM
 

To: Mark E Haedicke/HOU/ECT@ECT, Alan B Aronowitz/HOU/ECT@ECT, Jeffrey T 
Hodge/HOU/ECT@ECT, Scott Sefton/LON/ECT@ECT, Mark - ECT Legal 
Taylor/HOU/ECT@ECT
cc:  
Subject: Proposed New Swap with BEB

We are looking at a new Rheinschiene (Gas Oil + Fuel Oil) Swap with BEB, a 
German gas company. The key details are:

BEB are jointly owned by Esso &amp; Shell
Plain vanilla swap
Enron pays floating
Term of 1 -3 years
Value between DEM 250,000 - DEM 10,000,000

I will keep you posted of new developments.

Justin










</p>
</body></instance></envelope>