<?xml version="1.0" encoding="UTF-8"?><envelope><headers><id>3a6f0320-f021-4a19-924d-764a8e395bdb</id><date-metas><date>1998-12-16T17:35:00+01:00</date><year>1998</year></date-metas><tofrom-metas><email-from><email>mark.taylor@enron.com</email></email-from><firstname-from><firstname>mark</firstname></firstname-from><email-to><email>susan.flynn@enron.com</email></email-to><firstname-to><firstname>susan</firstname></firstname-to></tofrom-metas></headers><triples><sem:triple xmlns:sem="http://marklogic.com/semantics"><sem:subject>mark.taylor@enron.com</sem:subject><sem:predicate>http://demo.marklogic.com#sendsTo</sem:predicate><sem:object>susan.flynn@enron.com</sem:object></sem:triple><sem:triple xmlns:sem="http://marklogic.com/semantics"><sem:subject>mark</sem:subject><sem:predicate>http://demo.marklogic.com#speaksTo</sem:predicate><sem:object>susan</sem:object></sem:triple></triples><instance><content-type>application/EML</content-type><filter-capabilities>text subfiles HD-HTML</filter-capabilities><From>mark.taylor@enron.com</From><To>susan.flynn@enron.com</To><CC>tanya.rohauer@enron.com, brandon.wax@enron.com, tana.jones@enron.com</CC><BCC>tanya.rohauer@enron.com, brandon.wax@enron.com, tana.jones@enron.com</BCC><Subject>HL&amp;P</Subject><Date>Wed, 16 Dec 1998 08:35:00 -0800 (PST)</Date><Message_ID>&lt;6448748.1075859876320.JavaMail.evans@thyme&gt;</Message_ID><size>1168</size><body xmlns="http://www.w3.org/1999/xhtml">
<p>

This probably needs to go on the utility form.  Assuming Watershed is gone, 
will you have time to start on this tomorrow?
---------------------- Forwarded by Mark - ECT Legal Taylor/HOU/ECT on 
12/16/98 04:31 PM ---------------------------


Tanya Rohauer
12/16/98 04:04 PM
To: Mark - ECT Legal Taylor/HOU/ECT@ECT
cc: Brandon Wax/HOU/ECT@ECT 
Subject: HL&amp;P

Mark,

Per the request of Dan Hyvl, attached is the credit worksheet for Houston 
Lighting &amp; Power. Please let me or Brandon know if you have any questions.

Thanks,
Tanya



</p>
</body></instance></envelope>