<?xml version="1.0" encoding="UTF-8"?><envelope><headers><id>e4e6d345-b393-4002-9006-2900b686d570</id><date-metas><date>1998-12-21T12:02:00+01:00</date><year>1998</year></date-metas><tofrom-metas><email-from><email>mark.taylor@enron.com</email></email-from><firstname-from><firstname>mark</firstname></firstname-from><email-to><email>janelle.scheuer@enron.com</email></email-to><firstname-to><firstname>janelle</firstname></firstname-to></tofrom-metas></headers><triples><sem:triple xmlns:sem="http://marklogic.com/semantics"><sem:subject>mark.taylor@enron.com</sem:subject><sem:predicate>http://demo.marklogic.com#sendsTo</sem:predicate><sem:object>janelle.scheuer@enron.com</sem:object></sem:triple><sem:triple xmlns:sem="http://marklogic.com/semantics"><sem:subject>mark</sem:subject><sem:predicate>http://demo.marklogic.com#speaksTo</sem:predicate><sem:object>janelle</sem:object></sem:triple></triples><instance><content-type>application/EML</content-type><filter-capabilities>text subfiles HD-HTML</filter-capabilities><From>mark.taylor@enron.com</From><To>janelle.scheuer@enron.com</To><Subject>Re: Memo to Exchange to transfer positions</Subject><Date>Mon, 21 Dec 1998 03:02:00 -0800 (PST)</Date><Message_ID>&lt;11027770.1075859876519.JavaMail.evans@thyme&gt;</Message_ID><size>657</size><body xmlns="http://www.w3.org/1999/xhtml">
<p>

Here are my drafts of letters for ECT and Seagull regarding the transfer of 
Seagull's positions at E.D.&amp;F. Man.   Please let me know if you have any 
questions.
</p>
</body></instance></envelope>