<?xml version="1.0" encoding="UTF-8"?><envelope><headers><id>26c20d96-33b6-45cf-beed-f6744b9c82ce</id><date-metas><date>1998-12-22T10:56:00+01:00</date><year>1998</year></date-metas><tofrom-metas><email-from><email>mark.taylor@enron.com</email></email-from><firstname-from><firstname>mark</firstname></firstname-from><email-to><email>marc.r.cutler@bankamerica.com</email></email-to><firstname-to><firstname>marc</firstname></firstname-to></tofrom-metas></headers><triples><sem:triple xmlns:sem="http://marklogic.com/semantics"><sem:subject>mark.taylor@enron.com</sem:subject><sem:predicate>http://demo.marklogic.com#sendsTo</sem:predicate><sem:object>marc.r.cutler@bankamerica.com</sem:object></sem:triple><sem:triple xmlns:sem="http://marklogic.com/semantics"><sem:subject>mark</sem:subject><sem:predicate>http://demo.marklogic.com#speaksTo</sem:predicate><sem:object>marc</sem:object></sem:triple></triples><instance><content-type>application/EML</content-type><filter-capabilities>text subfiles HD-HTML</filter-capabilities><From>mark.taylor@enron.com</From><To>marc.r.cutler@bankamerica.com</To><Subject>Christmas Eve Eve</Subject><Date>Tue, 22 Dec 1998 01:56:00 -0800 (PST)</Date><Message_ID>&lt;31223694.1075859876633.JavaMail.evans@thyme&gt;</Message_ID><size>650</size><body xmlns="http://www.w3.org/1999/xhtml">
<p>

Let me check with Mr. B.  I don't think we have any specific plans - probably 
last minute shopping/wrapping.  We're both leaving on Thurs. and returning on 
Sun.
</p>
</body></instance></envelope>