<?xml version="1.0" encoding="UTF-8"?><envelope><headers><id>b08272cf-247b-4457-b82b-a8d9f2b7824c</id><date-metas><date>1998-12-30T22:23:00+01:00</date><year>1998</year></date-metas><tofrom-metas><email-from><email>eticket@coair.com</email></email-from><firstname-from><firstname>eticket@coair</firstname></firstname-from><email-to><email>mark.taylor@enron.com</email></email-to><firstname-to><firstname>mark</firstname></firstname-to></tofrom-metas></headers><triples><sem:triple xmlns:sem="http://marklogic.com/semantics"><sem:subject>eticket@coair.com</sem:subject><sem:predicate>http://demo.marklogic.com#sendsTo</sem:predicate><sem:object>mark.taylor@enron.com</sem:object></sem:triple><sem:triple xmlns:sem="http://marklogic.com/semantics"><sem:subject>eticket@coair</sem:subject><sem:predicate>http://demo.marklogic.com#speaksTo</sem:predicate><sem:object>mark</sem:object></sem:triple></triples><instance><content-type>application/EML</content-type><filter-capabilities>text subfiles HD-HTML</filter-capabilities><From>eticket@coair.com</From><To>mark.taylor@enron.com</To><Subject>OnePass E-Ticket Passenger Itinerary and Receipt</Subject><Date>Wed, 30 Dec 1998 13:23:00 -0800 (PST)</Date><Message_ID>&lt;9098748.1075859876746.JavaMail.evans@thyme&gt;</Message_ID><size>5296</size><body xmlns="http://www.w3.org/1999/xhtml">
<p>

Thank you for making your OnePass travel arrangements with Continental
Airlines.  Your flight information is listed below.  Replies to this
e-mail will not be returned.  For changes or questions about your E-Ticket
receipt, call toll free 1-800-621-7467 for Domestic travel or
1-800-344-1411 for International travel.  To help expedite your request,
please be sure to have your confirmation number available.
------------------------------------------------------------

Issue Date: December 30, 1998
------------------------------------------------------------
Attention: MR MARK TAYLOR
Your Confirmation number is: N1BTZH

------------------------------------------------------------
Trip Details
------------------------------------------------------------
*Flight: from HOUSTON/IAH to COLO SPRINGS COLO

Day and Date: Thu, 2/4/99
Flight: 505
Class: M
Depart: HOUSTON/IAH, 12:05PM
Arrive: COLO SPRINGS COLO, 1:25PM
Equipment: 737-500
Meal: Snack
------------------------------------------------------------
Flight: from COLO SPRINGS COLO to HOUSTON/IAH

Day and Date: Sun, 2/7/99
Flight: 1778
Class: M
Depart: COLO SPRINGS COLO, 2:25PM
Arrive: HOUSTON/IAH, 5:34PM
Equipment: 737-500
Meal:
------------------------------------------------------------
Party of (1):

BOCKIUS/EDWARDMR
Seat(s) listed in flight order and subject to change: ---/---
Ticket Number: 0052718438260
------------------------------------------------------------
Base: $0.00
Tax: $0.00
Per Person: $0.00
E-Ticket Total: $0.00
Method of payment: N/A

OnePass Account Debited: SC471253
OnePass Miles Debited: 25,000
Reward Used: CC0SM

------------------------------------------------------------
Reward Rules
 ONE PAX RWD CC0SM/NONREF/END VALID CO/COEX

------------------------------------------------------------
OnePass E-Ticket Reminders
- Please be sure to bring positive identification
- As with all airline tickets, your E-Ticket is non-transferable
- Enjoy curbside baggage check-in by presenting this receipt
- If your travel plans change call Continental Domestic Reward Desk at
1-800-621-7467
- For up to the minute flight information call 1-800-784-4444
- Redeposit unused reward upon payment of $35.00 fee by calling
1-800-621-7467
- OnePass Rewards are valid one year from date of mileage withdrawal
- Flight boarding begins 35 to 50 minutes prior to departure, you must
check in at least 20 minutes prior to departure to retain your assigned
seats and 10 minutes prior to departure to retain your reservation
- Reward travel is subject to the terms and conditions of OnePass as set
forth in the Member's Guide
------------------------------------------------------------
E-Ticket Machine Check-in
Don't stand in line, try our E-Ticket Machine (ETM) with your OnePass
Elite or major credit card to receive a boarding pass, select or change
your seat, make simple flight changes and upgrade eligible Gold or Silver
Elite members. Your credit card will NOT be charged to activate the ETM.
E-Ticket Machines at select ticket counters can check bags.

* In HOUSTON/IAH, look for the E-Ticket Machines at each ticket counter,
in the lobby, the Presidents Club, the service center, and near gates C24,
C33, C34, C43
------------------------------------------------------------

Enjoy a 50% fare class bonus when you purchase and travel with Continental
First Class or BusinessFirst fares.  BusinessFirst is available on
Continental flights to Europe, on select flights to South America and on
transpacific flights.

Please provide your Personal Identification Number (PIN) when making any
kind of modification to your OnePass account.  If you need to change your
PIN, call InfoPass at (713) 785-8999 and select option 7.


Replies to this e-mail will not be returned.  For changes or questions
about your E-Ticket receipt, call toll free 1-800-621-7467 for Domestic
travel or 1-800-344-1411 for International travel.  To help expedite your
request, please be sure to have your confirmation number available.

We wish you a pleasant trip and look forward to serving your travel needs
again soon.

Conditions of Contract
Air transportation is subject to Continental's Conditions of Contract
including Contract of Carriage terms or international tariff rules. Such
conditions include, without limitation, limits on liability for personal
injury, death, and baggage claims; claims restrictions and limitation
periods; rules on reconfirmation of reservations, check-in times and
refusal to carry; and rules relating to schedule irregularities and
delays. A copy of Continental's Conditions of Contract can be obtained
from any Continental ticketing facility, Continental's ticket jacket, or
by calling 1-800-525-0280.

Be sure to visit our website at http://www.flycontinental.com

Thank you for choosing Continental Airlines!
</p>
</body></instance></envelope>