<?xml version="1.0" encoding="UTF-8"?><envelope><headers><id>7f62a095-9b47-4c9c-a254-4e3581d2c618</id><date-metas><date>1998-12-31T10:39:00+01:00</date><year>1998</year></date-metas><tofrom-metas><email-from><email>mark.taylor@enron.com</email></email-from><firstname-from><firstname>mark</firstname></firstname-from><email-to><email>sheri.cromwell@enron.com</email></email-to><firstname-to><firstname>sheri</firstname></firstname-to></tofrom-metas></headers><triples><sem:triple xmlns:sem="http://marklogic.com/semantics"><sem:subject>mark.taylor@enron.com</sem:subject><sem:predicate>http://demo.marklogic.com#sendsTo</sem:predicate><sem:object>sheri.cromwell@enron.com</sem:object></sem:triple><sem:triple xmlns:sem="http://marklogic.com/semantics"><sem:subject>mark</sem:subject><sem:predicate>http://demo.marklogic.com#speaksTo</sem:predicate><sem:object>sheri</sem:object></sem:triple></triples><instance><content-type>application/EML</content-type><filter-capabilities>text subfiles HD-HTML</filter-capabilities><From>mark.taylor@enron.com</From><To>sheri.cromwell@enron.com</To><Subject>Re: Your assistance needed . . .</Subject><Date>Thu, 31 Dec 1998 01:39:00 -0800 (PST)</Date><Message_ID>&lt;26664253.1075859876790.JavaMail.evans@thyme&gt;</Message_ID><size>1817</size><body xmlns="http://www.w3.org/1999/xhtml">
<p>

 Sheri L Cromwell
 12/30/98 04:32 PM
 
To: Yao Apasu/HOU/ECT@ECT, Sara Shackleton/HOU/ECT@ECT, Shari 
Stack/HOU/ECT@ECT, Mark - ECT Legal Taylor/HOU/ECT@ECT
cc:  
Subject: Your assistance needed . . .

Please take a few minutes to complete the survey below, and return to me as 
soon as possible by e-mail (or hard copy).

1. How often do you use Newscast Today?
 (a) daily    (b) weekly   (c) occasionally  (d) never

2. Have you used another similar service?   If yes, please include the web 
site address. 
 NO

3. How "friendly" do you find the Newscast Today web site?
 (a)  very easy to use     (b)  somewhat easy to use     (c) difficult to use

4. When conducting a search or creating a profile in Newscast Today, are you 
able to obtain the information you need?
 (a) very effective    (b) sufficient    (c) insufficient

5. When conducting legal / business / government / international research via 
the Internet, are you able to obtain the information you need?
 (a) very effective    (b) sufficient    (c) insufficient

6. Which environment for computer training do you find most beneficial?
 (a) one-on-one tutorial at my desk
 (b) one-on-one tutorial in a training room
 (c) demonstration on my floor
 (d) small class in a training room

Please include any additional comments you may have.  Thank you for your help!


</p>
</body></instance></envelope>