<?xml version="1.0" encoding="UTF-8"?><envelope><headers><id>f9e159c3-9d47-4718-aeba-4a9caf1be705</id><date-metas><date>1998-12-30T14:57:00+01:00</date><year>1998</year></date-metas><tofrom-metas><email-from><email>mark.haedicke@enron.com</email></email-from><firstname-from><firstname>mark</firstname></firstname-from><email-to><email>alan.aronowitz@enron.com</email><email>barbara.gray@enron.com</email><email>jeffrey.hodge@enron.com</email><email>kristina.mordaunt@enron.com</email><email>scott.sefton@enron.com</email><email>mark.taylor@enron.com</email><email>sheila.tweed@enron.com</email><email>richard.sanders@enron.com</email><email>julia.murray@enron.com</email></email-to><firstname-to><firstname>alan</firstname><firstname>barbara</firstname><firstname>jeffrey</firstname><firstname>kristina</firstname><firstname>scott</firstname><firstname>mark</firstname><firstname>sheila</firstname><firstname>richard</firstname><firstname>julia</firstname></firstname-to></tofrom-metas></headers><triples><sem:triple xmlns:sem="http://marklogic.com/semantics"><sem:subject>mark.haedicke@enron.com</sem:subject><sem:predicate>http://demo.marklogic.com#sendsTo</sem:predicate><sem:object>alan.aronowitz@enron.com</sem:object></sem:triple><sem:triple xmlns:sem="http://marklogic.com/semantics"><sem:subject>mark.haedicke@enron.com</sem:subject><sem:predicate>http://demo.marklogic.com#sendsTo</sem:predicate><sem:object>barbara.gray@enron.com</sem:object></sem:triple><sem:triple xmlns:sem="http://marklogic.com/semantics"><sem:subject>mark.haedicke@enron.com</sem:subject><sem:predicate>http://demo.marklogic.com#sendsTo</sem:predicate><sem:object>jeffrey.hodge@enron.com</sem:object></sem:triple><sem:triple xmlns:sem="http://marklogic.com/semantics"><sem:subject>mark.haedicke@enron.com</sem:subject><sem:predicate>http://demo.marklogic.com#sendsTo</sem:predicate><sem:object>kristina.mordaunt@enron.com</sem:object></sem:triple><sem:triple xmlns:sem="http://marklogic.com/semantics"><sem:subject>mark.haedicke@enron.com</sem:subject><sem:predicate>http://demo.marklogic.com#sendsTo</sem:predicate><sem:object>scott.sefton@enron.com</sem:object></sem:triple><sem:triple xmlns:sem="http://marklogic.com/semantics"><sem:subject>mark.haedicke@enron.com</sem:subject><sem:predicate>http://demo.marklogic.com#sendsTo</sem:predicate><sem:object>mark.taylor@enron.com</sem:object></sem:triple><sem:triple xmlns:sem="http://marklogic.com/semantics"><sem:subject>mark.haedicke@enron.com</sem:subject><sem:predicate>http://demo.marklogic.com#sendsTo</sem:predicate><sem:object>sheila.tweed@enron.com</sem:object></sem:triple><sem:triple xmlns:sem="http://marklogic.com/semantics"><sem:subject>mark.haedicke@enron.com</sem:subject><sem:predicate>http://demo.marklogic.com#sendsTo</sem:predicate><sem:object>richard.sanders@enron.com</sem:object></sem:triple><sem:triple xmlns:sem="http://marklogic.com/semantics"><sem:subject>mark.haedicke@enron.com</sem:subject><sem:predicate>http://demo.marklogic.com#sendsTo</sem:predicate><sem:object>julia.murray@enron.com</sem:object></sem:triple><sem:triple xmlns:sem="http://marklogic.com/semantics"><sem:subject>mark</sem:subject><sem:predicate>http://demo.marklogic.com#speaksTo</sem:predicate><sem:object>alan</sem:object></sem:triple><sem:triple xmlns:sem="http://marklogic.com/semantics"><sem:subject>mark</sem:subject><sem:predicate>http://demo.marklogic.com#speaksTo</sem:predicate><sem:object>barbara</sem:object></sem:triple><sem:triple xmlns:sem="http://marklogic.com/semantics"><sem:subject>mark</sem:subject><sem:predicate>http://demo.marklogic.com#speaksTo</sem:predicate><sem:object>jeffrey</sem:object></sem:triple><sem:triple xmlns:sem="http://marklogic.com/semantics"><sem:subject>mark</sem:subject><sem:predicate>http://demo.marklogic.com#speaksTo</sem:predicate><sem:object>kristina</sem:object></sem:triple><sem:triple xmlns:sem="http://marklogic.com/semantics"><sem:subject>mark</sem:subject><sem:predicate>http://demo.marklogic.com#speaksTo</sem:predicate><sem:object>scott</sem:object></sem:triple><sem:triple xmlns:sem="http://marklogic.com/semantics"><sem:subject>mark</sem:subject><sem:predicate>http://demo.marklogic.com#speaksTo</sem:predicate><sem:object>mark</sem:object></sem:triple><sem:triple xmlns:sem="http://marklogic.com/semantics"><sem:subject>mark</sem:subject><sem:predicate>http://demo.marklogic.com#speaksTo</sem:predicate><sem:object>sheila</sem:object></sem:triple><sem:triple xmlns:sem="http://marklogic.com/semantics"><sem:subject>mark</sem:subject><sem:predicate>http://demo.marklogic.com#speaksTo</sem:predicate><sem:object>richard</sem:object></sem:triple><sem:triple xmlns:sem="http://marklogic.com/semantics"><sem:subject>mark</sem:subject><sem:predicate>http://demo.marklogic.com#speaksTo</sem:predicate><sem:object>julia</sem:object></sem:triple></triples><instance><content-type>application/EML</content-type><filter-capabilities>text subfiles HD-HTML</filter-capabilities><From>mark.haedicke@enron.com</From><To>alan.aronowitz@enron.com, barbara.gray@enron.com, jeffrey.hodge@enron.com, kristina.mordaunt@enron.com, scott.sefton@enron.com,mark.taylor@enron.com, sheila.tweed@enron.com,richard.sanders@enron.com, julia.murray@enron.com</To><Subject>1998 Bonus &amp; 1999 Merit Year-End Process Information</Subject><Date>Wed, 30 Dec 1998 05:57:00 -0800 (PST)</Date><Message_ID>&lt;940211.1075863717790.JavaMail.evans@thyme&gt;</Message_ID><size>2133</size><body xmlns="http://www.w3.org/1999/xhtml">
<p>

fyi
---------------------- Forwarded by Mark E Haedicke/HOU/ECT on 12/30/98 01:56 
PM ---------------------------


Susan Carrera
12/18/98 04:24 PM
To: Philippe A Bibi/HOU/ECT@ECT, Richard B Buy/HOU/ECT@ECT, Craig 
Childers/HOU/ECT@ECT, David W Delainey/HOU/ECT@ECT, Andrew S 
Fastow/HOU/ECT@ECT, Mark E Haedicke/HOU/ECT@ECT, Kevin P Hannon/HOU/ECT@ECT, 
Gene E Humphrey/HOU/ECT@ECT, Mike McConnell/HOU/ECT@ECT, Jere C 
Overdyke/HOU/ECT@ECT, Kenneth D Rice/HOU/ECT@ECT, Greg Whalley/HOU/ECT@ECT, 
Cliff Baxter/HOU/ECT@ECT, Jordan Mintz/HOU/ECT@ECT, Drew C Lynch/HOU/ECT@ECT, 
Sally Beck/HOU/ECT@ECT, John Gorman/CAL/ECT@ECT, Max Yzaguirre/HOU/ECT@ECT, 
Dwayne L Hart/HOU/ECT@ECT, Kevin McConville/HOU/ECT@ECT, Greg F 
Piper/HOU/ECT@ECT
cc: Rocky Jones/HOU/ECT@ECT 
Subject: 1998 Bonus &amp; 1999 Merit Year-End Process Information


 

January begins the busy 1998 &amp; 1999 Merit Year-End processes.  For planning 
purposes, attached is information on changes/enhancements to this year's 
processes, as compared to last year, along with key activity dates.

Please pass this information along to your Managers as deemed appropriate for 
your area.  If you have any questions, you may call your HR Representative or 
me at ext. 30306

Happy Holidays!!

Susan Carrera - ECT Compensation Manager



</p>
</body></instance></envelope>