<?xml version="1.0" encoding="UTF-8"?><envelope><headers><id>bd83dcc1-f92e-4ff0-94a5-a4ea7cfa9a35</id><date-metas><date>1998-01-04T18:46:00+01:00</date><year>1998</year></date-metas><tofrom-metas><email-from><email>educanto@msn.com</email></email-from><firstname-from><firstname>educanto@msn</firstname></firstname-from><email-to><email>d..thomas@enron.com</email></email-to><firstname-to><firstname>d</firstname></firstname-to></tofrom-metas></headers><triples><sem:triple xmlns:sem="http://marklogic.com/semantics"><sem:subject>educanto@msn.com</sem:subject><sem:predicate>http://demo.marklogic.com#sendsTo</sem:predicate><sem:object>d..thomas@enron.com</sem:object></sem:triple><sem:triple xmlns:sem="http://marklogic.com/semantics"><sem:subject>educanto@msn</sem:subject><sem:predicate>http://demo.marklogic.com#speaksTo</sem:predicate><sem:object>d</sem:object></sem:triple></triples><instance><content-type>application/EML</content-type><filter-capabilities>text subfiles HD-HTML</filter-capabilities><From>educanto@msn.com</From><To>d..thomas@enron.com</To><Subject>How are you?</Subject><Date>Sun, 4 Jan 1998 09:46:00 -0800 (PST)</Date><Message_ID>&lt;30680094.1075862138107.JavaMail.evans@thyme&gt;</Message_ID><size>931</size><body xmlns="http://www.w3.org/1999/xhtml">
<p>

Hey Paul, how is it going??  Attached you'll  find some of the pics from the halloween party.  I hope you like  them.  I'm going to Brasil today!!!  Just for 4 days, I guess  it's better than nothing.  Let's do something when I get back.  Our  weekends have been pretty laid back lately.
 
We miss you guys!!! 
 
Um grande abraco,
Eduardo
 - Pict0010.JPG 
 - Pict0014.JPG 
 - Pict0024.JPG 
 - Pict0025.JPG 
</p>
</body></instance></envelope>