<?xml version="1.0" encoding="UTF-8"?><envelope><headers><id>05c16097-15c0-4659-9399-6960671ab912</id><date-metas><date>1998-11-03T12:12:00+01:00</date><year>1998</year></date-metas><tofrom-metas><email-from><email>yao.apasu@enron.com</email></email-from><firstname-from><firstname>yao</firstname></firstname-from><email-to><email>brent.hendry@enron.com</email></email-to><firstname-to><firstname>brent</firstname></firstname-to></tofrom-metas></headers><triples><sem:triple xmlns:sem="http://marklogic.com/semantics"><sem:subject>yao.apasu@enron.com</sem:subject><sem:predicate>http://demo.marklogic.com#sendsTo</sem:predicate><sem:object>brent.hendry@enron.com</sem:object></sem:triple><sem:triple xmlns:sem="http://marklogic.com/semantics"><sem:subject>yao</sem:subject><sem:predicate>http://demo.marklogic.com#speaksTo</sem:predicate><sem:object>brent</sem:object></sem:triple></triples><instance><content-type>application/EML</content-type><filter-capabilities>text subfiles HD-HTML</filter-capabilities><From>yao.apasu@enron.com</From><To>brent.hendry@enron.com</To><CC>mark.taylor@enron.com</CC><BCC>mark.taylor@enron.com</BCC><Subject>Argentina - Annex 32</Subject><Date>Tue, 3 Nov 1998 03:12:00 -0800 (PST)</Date><Message_ID>&lt;6138564.1075860046100.JavaMail.evans@thyme&gt;</Message_ID><size>1181</size><body xmlns="http://www.w3.org/1999/xhtml">
<p>

Hi Brent,
 This is from Jane and she wants comments as soon as possible. This is right 
down your alley. Hope you are doing well. Let me how it turns out.

Yao
---------------------- Forwarded by Yao Apasu/HOU/ECT on 11/03/98 11:07 AM 
---------------------------
From: "Amr Ibrahim/ENRON_DEVELOPMENT" AT ENRON_DEVELOPMENT@CCMAIL on 11/03/98 
09:27 AM
To: Yao Apasu@ECT
cc: "Jane Wilson/ENRON_DEVELOPMENT" AT ENRON_DEVELOPMENT@CCMAIL 
Subject: Argentina - Annex 32




Yau: The changes are in section 7 of annex 32.  I do appreciate your help and 
looking forward for any comments.  Thank you.  AI

(See attached file: ZN-Anexo32c.doc)
 - ZN-Anexo32c.doc
</p>
</body></instance></envelope>