<?xml version="1.0" encoding="UTF-8"?><envelope><headers><id>9712c6d5-5a3a-4b7a-a06b-8091dca8d1cd</id><date-metas><date>1997-11-17T14:30:00+01:00</date><year>1997</year></date-metas><tofrom-metas><email-from><email>steven.kean@enron.com</email></email-from><firstname-from><firstname>steven</firstname></firstname-from></tofrom-metas></headers><triples/><instance><content-type>application/EML</content-type><filter-capabilities>text subfiles HD-HTML</filter-capabilities><From>steven.kean@enron.com</From><Subject>Oklahoma legislators will be in Houston this afternoon.</Subject><Date>Mon, 17 Nov 1997 05:30:00 -0800 (PST)</Date><Message_ID>&lt;2373180.1075846267589.JavaMail.evans@thyme&gt;</Message_ID><size>472</size><body xmlns="http://www.w3.org/1999/xhtml">
<p>

You speak at 3:00
</p>
</body></instance></envelope>