<?xml version="1.0" encoding="UTF-8"?><envelope><headers><id>f4a57cc9-1e75-460e-a196-bf13c98f2157</id><date-metas><date>1997-09-08T11:00:00+01:00</date><year>1997</year></date-metas><tofrom-metas><email-from><email>steven.kean@enron.com</email></email-from><firstname-from><firstname>steven</firstname></firstname-from></tofrom-metas></headers><triples/><instance><content-type>application/EML</content-type><filter-capabilities>text subfiles HD-HTML</filter-capabilities><From>steven.kean@enron.com</From><Subject>Meet with Ralph Reed in EB49c5</Subject><Date>Mon, 8 Sep 1997 03:00:00 -0700 (PDT)</Date><Message_ID>&lt;3400146.1075846268299.JavaMail.evans@thyme&gt;</Message_ID><size>471</size><body xmlns="http://www.w3.org/1999/xhtml">
<p>

With Rick, Mark, Lou, and possibly Hillings
</p>
</body></instance></envelope>