<?xml version="1.0" encoding="UTF-8"?><envelope><headers><id>f969a0af-26b4-47d7-8efe-6738d8ba2534</id><date-metas><date>1997-08-22T12:30:00+01:00</date><year>1997</year></date-metas><tofrom-metas><email-from><email>steven.kean@enron.com</email></email-from><firstname-from><firstname>steven</firstname></firstname-from></tofrom-metas></headers><triples/><instance><content-type>application/EML</content-type><filter-capabilities>text subfiles HD-HTML</filter-capabilities><From>steven.kean@enron.com</From><Subject>Lunch Break - You are speaking in 50M Dining Room.</Subject><Date>Fri, 22 Aug 1997 04:30:00 -0700 (PDT)</Date><Message_ID>&lt;11387697.1075846268527.JavaMail.evans@thyme&gt;</Message_ID><size>472</size><body xmlns="http://www.w3.org/1999/xhtml">
<p>

Per Mary Clark x37325
</p>
</body></instance></envelope>