<?xml version="1.0" encoding="UTF-8"?><envelope><headers><id>37ae3f00-80e7-4b67-89e8-1ad444a29d9c</id><date-metas><date>1997-08-08T09:00:00+01:00</date><year>1997</year></date-metas><tofrom-metas><email-from><email>steven.kean@enron.com</email></email-from><firstname-from><firstname>steven</firstname></firstname-from></tofrom-metas></headers><triples/><instance><content-type>application/EML</content-type><filter-capabilities>text subfiles HD-HTML</filter-capabilities><From>steven.kean@enron.com</From><Subject>Ross Malme, in your office.</Subject><Date>Fri, 8 Aug 1997 01:00:00 -0700 (PDT)</Date><Message_ID>&lt;7898619.1075846268688.JavaMail.evans@thyme&gt;</Message_ID><size>454</size><body xmlns="http://www.w3.org/1999/xhtml">
<p>

Sue Mara
Lance McCarthy 37141
</p>
</body></instance></envelope>