<?xml version="1.0" encoding="UTF-8"?><envelope><headers><id>7cc17858-000d-45f2-b9c9-5b25689aff36</id><date-metas><date>1997-07-17T10:30:00+01:00</date><year>1997</year></date-metas><tofrom-metas><email-from><email>steven.kean@enron.com</email></email-from><firstname-from><firstname>steven</firstname></firstname-from></tofrom-metas></headers><triples/><instance><content-type>application/EML</content-type><filter-capabilities>text subfiles HD-HTML</filter-capabilities><From>steven.kean@enron.com</From><Subject>Bob Iveson and Karl Stahlkopf (EPRI), in your office. - Confirmed</Subject><Date>Thu, 17 Jul 1997 02:30:00 -0700 (PDT)</Date><Message_ID>&lt;4837648.1075846269060.JavaMail.evans@thyme&gt;</Message_ID><size>565</size><body xmlns="http://www.w3.org/1999/xhtml">
<p>

cc:Mail to Bruce Stram and Tim Vail sent 6/23.
Tim Vail is confirmed, Bruce will be here until 10:00.
</p>
</body></instance></envelope>