<?xml version="1.0" encoding="UTF-8"?><envelope><headers><id>d7ed8d46-becd-41e9-a201-517ac3c26d12</id><date-metas><date>1997-07-15T09:00:00+01:00</date><year>1997</year></date-metas><tofrom-metas><email-from><email>steven.kean@enron.com</email></email-from><firstname-from><firstname>steven</firstname></firstname-from></tofrom-metas></headers><triples/><instance><content-type>application/EML</content-type><filter-capabilities>text subfiles HD-HTML</filter-capabilities><From>steven.kean@enron.com</From><Subject>Lou Pai's staff meeting, 25C3.</Subject><Date>Tue, 15 Jul 1997 01:00:00 -0700 (PDT)</Date><Message_ID>&lt;22133867.1075846269106.JavaMail.evans@thyme&gt;</Message_ID><size>463</size><body xmlns="http://www.w3.org/1999/xhtml">
<p>

ELCON commercial practices group[
</p>
</body></instance></envelope>