<?xml version="1.0" encoding="UTF-8"?><envelope><headers><id>032b61d1-94f7-4cf1-ade9-e08a917db821</id><date-metas><date>1997-07-02T09:00:00+01:00</date><year>1997</year></date-metas><tofrom-metas><email-from><email>steven.kean@enron.com</email></email-from><firstname-from><firstname>steven</firstname></firstname-from></tofrom-metas></headers><triples/><instance><content-type>application/EML</content-type><filter-capabilities>text subfiles HD-HTML</filter-capabilities><From>steven.kean@enron.com</From><Subject>Out of the office</Subject><Date>Wed, 2 Jul 1997 01:00:00 -0700 (PDT)</Date><Message_ID>&lt;14792639.1075846269153.JavaMail.evans@thyme&gt;</Message_ID><size>553</size><body xmlns="http://www.w3.org/1999/xhtml">
<p>

Gretchen Bates/Mitchell Rosen (shared Marketing) 800-989-4427
Jim Coffey PEx use by marketers(312)407-7835

Move Hebert meeting from 15th
</p>
</body></instance></envelope>