<?xml version="1.0" encoding="UTF-8"?><envelope><headers><id>cb6db9bb-1f0f-4db6-b91b-98b7a1822ee1</id><date-metas><date>1997-06-16T10:30:00+01:00</date><year>1997</year></date-metas><tofrom-metas><email-from><email>steven.kean@enron.com</email></email-from><firstname-from><firstname>steven</firstname></firstname-from></tofrom-metas></headers><triples/><instance><content-type>application/EML</content-type><filter-capabilities>text subfiles HD-HTML</filter-capabilities><From>steven.kean@enron.com</From><Subject>Task Force conf call -- 9:30</Subject><Date>Mon, 16 Jun 1997 02:30:00 -0700 (PDT)</Date><Message_ID>&lt;20990120.1075846269450.JavaMail.evans@thyme&gt;</Message_ID><size>440</size><body xmlns="http://www.w3.org/1999/xhtml">
<p>

202-287-1321
</p>
</body></instance></envelope>