<?xml version="1.0" encoding="UTF-8"?><envelope><headers><id>d90b0842-046c-4499-b1ac-6f7064455af7</id><date-metas><date>1997-04-10T09:30:00+01:00</date><year>1997</year></date-metas><tofrom-metas><email-from><email>steven.kean@enron.com</email></email-from><firstname-from><firstname>steven</firstname></firstname-from></tofrom-metas></headers><triples/><instance><content-type>application/EML</content-type><filter-capabilities>text subfiles HD-HTML</filter-capabilities><From>steven.kean@enron.com</From><Subject>Regulatory Roundtable, in 49C2</Subject><Date>Thu, 10 Apr 1997 01:30:00 -0700 (PDT)</Date><Message_ID>&lt;19975480.1075846270029.JavaMail.evans@thyme&gt;</Message_ID><size>469</size><body xmlns="http://www.w3.org/1999/xhtml">
<p>

KRTH? 9:10 - 9:55 JP Pritchard 630-3600
</p>
</body></instance></envelope>