<?xml version="1.0" encoding="UTF-8"?><envelope><headers><id>374a4172-90da-4ca1-836d-3b880df454c2</id><date-metas><date>1997-09-30T08:30:00+01:00</date><year>1997</year></date-metas><tofrom-metas><email-from><email>steven.kean@enron.com</email></email-from><firstname-from><firstname>steven</firstname></firstname-from></tofrom-metas></headers><triples/><instance><content-type>application/EML</content-type><filter-capabilities>text subfiles HD-HTML</filter-capabilities><From>steven.kean@enron.com</From><Subject>External Affairs Meeting in 50M03, conference bridge 853-3233passcode 3000, you are the host</Subject><Date>Tue, 30 Sep 1997 00:30:00 -0700 (PDT)</Date><Message_ID>&lt;9631751.1075846273361.JavaMail.evans@thyme&gt;</Message_ID><size>669</size><body xmlns="http://www.w3.org/1999/xhtml">
<p>

Reed -- USAir 1062 arr. 10:02
Anthony Duenner -- 6235
Mark Muller
Darrel Dunson -- 602-492-8570
Distribution list, labels, &amp; copying
Craig Goodman (Equitible Re
202333-0311(h)
</p>
</body></instance></envelope>