<?xml version="1.0" encoding="UTF-8"?><envelope><headers><id>42004e22-f75a-4e4c-aee0-46e20e6c4fb1</id><date-metas><date>1997-03-21T09:00:00+01:00</date><year>1997</year></date-metas><tofrom-metas><email-from><email>steven.kean@enron.com</email></email-from><firstname-from><firstname>steven</firstname></firstname-from></tofrom-metas></headers><triples/><instance><content-type>application/EML</content-type><filter-capabilities>text subfiles HD-HTML</filter-capabilities><From>steven.kean@enron.com</From><Subject>Washington DC to meet with Northwest Delegation.  Starts at 9:30,should be over at 11:30.</Subject><Date>Fri, 21 Mar 1997 00:00:00 -0800 (PST)</Date><Message_ID>&lt;5975837.1075846271217.JavaMail.evans@thyme&gt;</Message_ID><size>547</size><body xmlns="http://www.w3.org/1999/xhtml">
<p>

2:30 - 3:30  Jim Ciconni - Enron

4:45 Fly to Houston


</p>
</body></instance></envelope>