<?xml version="1.0" encoding="UTF-8"?><envelope><headers><id>f0dcc56b-98f5-4466-a400-0fdbd8e32758</id><date-metas><date>1997-04-25T09:00:00+01:00</date><year>1997</year></date-metas><tofrom-metas><email-from><email>steven.kean@enron.com</email></email-from><firstname-from><firstname>steven</firstname></firstname-from></tofrom-metas></headers><triples/><instance><content-type>application/EML</content-type><filter-capabilities>text subfiles HD-HTML</filter-capabilities><From>steven.kean@enron.com</From><Subject>Washington DC to meet with Jefferds</Subject><Date>Fri, 25 Apr 1997 01:00:00 -0700 (PDT)</Date><Message_ID>&lt;25886138.1075846271453.JavaMail.evans@thyme&gt;</Message_ID><size>869</size><body xmlns="http://www.w3.org/1999/xhtml">
<p>

Lunch - still outstanding (No mci guy)

2:30-  Chris Perkins, Senator Jefferds office (R-VT), Senate Building Room 
728 Hart, Malcolm and Cynthia will attend, she also invited Mike Marvin, 
Business Council

3:30 - Rick Kessler, Congressman Pallone, Democrate from New Jersey, 420 
Cannon, Malcolm can also attend

4:00 - Elise Jones, Congresswoman Furse (D-OR), 316 Cannon, Malcolm can go to 
this 



MCI we'll try to do on May 1st.
</p>
</body></instance></envelope>