<?xml version="1.0" encoding="UTF-8"?><envelope><headers><id>c741896d-c6ec-4492-86f6-6653dccaf2d7</id><date-metas><date>1997-04-29T08:00:00+01:00</date><year>1997</year></date-metas><tofrom-metas><email-from><email>steven.kean@enron.com</email></email-from><firstname-from><firstname>steven</firstname></firstname-from></tofrom-metas></headers><triples/><instance><content-type>application/EML</content-type><filter-capabilities>text subfiles HD-HTML</filter-capabilities><From>steven.kean@enron.com</From><Subject>In Phoenix, AZ to talk to Catholic Diocene Physical Plant Managers-</Subject><Date>Tue, 29 Apr 1997 00:00:00 -0700 (PDT)</Date><Message_ID>&lt;25025679.1075846271498.JavaMail.evans@thyme&gt;</Message_ID><size>827</size><body xmlns="http://www.w3.org/1999/xhtml">
<p>

Lay the groundwork and educate them about what's going on around the country 
from a regulatory standpoint, sensitize them to coming opportunities.  Also, 
Steve Barth will be there to talk about creative products / services we can 
offer.  1:00 - 2:30 presentation, then q&amp;a, then cocktails and dinner 
sponsored by Enron.  Per Gary von Fischer 614-792-6010
</p>
</body></instance></envelope>