<?xml version="1.0" encoding="UTF-8"?><envelope><headers><id>2cb9c4c9-2d43-4846-a640-247354effaf8</id><date-metas><date>1997-05-14T12:30:00+01:00</date><year>1997</year></date-metas><tofrom-metas><email-from><email>steven.kean@enron.com</email></email-from><firstname-from><firstname>steven</firstname></firstname-from></tofrom-metas></headers><triples/><instance><content-type>application/EML</content-type><filter-capabilities>text subfiles HD-HTML</filter-capabilities><From>steven.kean@enron.com</From><Subject>EES QBR - in 30c1</Subject><Date>Wed, 14 May 1997 04:30:00 -0700 (PDT)</Date><Message_ID>&lt;25064296.1075846271568.JavaMail.evans@thyme&gt;</Message_ID><size>468</size><body xmlns="http://www.w3.org/1999/xhtml">
<p>

Lunch will be served at 11:30, QBR starts at 12:00.
</p>
</body></instance></envelope>