<?xml version="1.0" encoding="UTF-8"?><envelope><headers><id>75455664-a73d-4614-9bbc-2dec4e78bc3d</id><date-metas><date>1997-06-20T09:00:00+01:00</date><year>1997</year></date-metas><tofrom-metas><email-from><email>steven.kean@enron.com</email></email-from><firstname-from><firstname>steven</firstname></firstname-from></tofrom-metas></headers><triples/><instance><content-type>application/EML</content-type><filter-capabilities>text subfiles HD-HTML</filter-capabilities><From>steven.kean@enron.com</From><Subject>NAES meeting in Barton Creek in Austin</Subject><Date>Fri, 20 Jun 1997 01:00:00 -0700 (PDT)</Date><Message_ID>&lt;5420198.1075846271927.JavaMail.evans@thyme&gt;</Message_ID><size>861</size><body xmlns="http://www.w3.org/1999/xhtml">
<p>

[Dan Sponseller 412 355 8650  -- called Brian Barrington]


Laura Houston x3366 is contact 

9:30 - 10:00  Regulatory Update, gas and electricity, positions that we've 
taken, initiatives and events that they should be aware of; retail 
perspective if there is something they should know about

Audience is Amanda's team; approx. 100 people.

Can use overheads or slides.  We need to let Sheila Hatten know what you'll 
use.
</p>
</body></instance></envelope>