<?xml version="1.0" encoding="UTF-8"?><envelope><headers><id>9bc1eb59-eb8f-49f6-8705-e5c6d9d23284</id><date-metas><date>1997-06-23T09:00:00+01:00</date><year>1997</year></date-metas><tofrom-metas><email-from><email>steven.kean@enron.com</email></email-from><firstname-from><firstname>steven</firstname></firstname-from></tofrom-metas></headers><triples/><instance><content-type>application/EML</content-type><filter-capabilities>text subfiles HD-HTML</filter-capabilities><From>steven.kean@enron.com</From><Subject>In Washington DC with Mr. Lay</Subject><Date>Mon, 23 Jun 1997 01:00:00 -0700 (PDT)</Date><Message_ID>&lt;30541743.1075846271949.JavaMail.evans@thyme&gt;</Message_ID><size>461</size><body xmlns="http://www.w3.org/1999/xhtml">
<p>

Fly up and back on company plane
</p>
</body></instance></envelope>