<?xml version="1.0" encoding="UTF-8"?><envelope><headers><id>93a5e7cf-7ab1-4ec9-b877-651279549033</id><date-metas><date>1997-07-25T14:00:00+01:00</date><year>1997</year></date-metas><tofrom-metas><email-from><email>steven.kean@enron.com</email></email-from><firstname-from><firstname>steven</firstname></firstname-from></tofrom-metas></headers><triples/><instance><content-type>application/EML</content-type><filter-capabilities>text subfiles HD-HTML</filter-capabilities><From>steven.kean@enron.com</From><Subject>Depart 1:05/Arrive 2:41</Subject><Date>Fri, 25 Jul 1997 06:00:00 -0700 (PDT)</Date><Message_ID>&lt;930302.1075846272351.JavaMail.evans@thyme&gt;</Message_ID><size>510</size><body xmlns="http://www.w3.org/1999/xhtml">
<p>

Meet with Commissioner Ebert in Biloxi - Confirmed 7/1/97

Contact is Paige - 601-436-4833
</p>
</body></instance></envelope>