<?xml version="1.0" encoding="UTF-8"?><envelope><headers><id>02ee4c92-71b5-4fe1-b515-b0a3db09b90a</id><date-metas><date>1997-09-19T09:00:00+01:00</date><year>1997</year></date-metas><tofrom-metas><email-from><email>steven.kean@enron.com</email></email-from><firstname-from><firstname>steven</firstname></firstname-from></tofrom-metas></headers><triples/><instance><content-type>application/EML</content-type><filter-capabilities>text subfiles HD-HTML</filter-capabilities><From>steven.kean@enron.com</From><Subject>On Sunday:  Natural Gas in the 21st Century:  The Shape of Thingsto Come</Subject><Date>Fri, 19 Sep 1997 01:00:00 -0700 (PDT)</Date><Message_ID>&lt;28792607.1075846273139.JavaMail.evans@thyme&gt;</Message_ID><size>512</size><body xmlns="http://www.w3.org/1999/xhtml">
<p>

Ken Lay speaking, and James J. Hoecker
</p>
</body></instance></envelope>